"","Date","Flow_cfs","month","year","day","wy"
"1",2002-10-01,163.4,10,2002,1,2003
"2",2002-10-02,163.2,10,2002,2,2003
"3",2002-10-03,164.3,10,2002,3,2003
"4",2002-10-04,168.8,10,2002,4,2003
"5",2002-10-05,167.5,10,2002,5,2003
"6",2002-10-06,163.2,10,2002,6,2003
"7",2002-10-07,163.2,10,2002,7,2003
"8",2002-10-08,163.2,10,2002,8,2003
"9",2002-10-09,161.5,10,2002,9,2003
"10",2002-10-10,163.2,10,2002,10,2003
"11",2002-10-11,163.2,10,2002,11,2003
"12",2002-10-12,163.2,10,2002,12,2003
"13",2002-10-13,163.2,10,2002,13,2003
"14",2002-10-14,163.2,10,2002,14,2003
"15",2002-10-15,163.2,10,2002,15,2003
"16",2002-10-16,163.2,10,2002,16,2003
"17",2002-10-17,163.2,10,2002,17,2003
"18",2002-10-18,163.2,10,2002,18,2003
"19",2002-10-19,163.2,10,2002,19,2003
"20",2002-10-20,165.3,10,2002,20,2003
"21",2002-10-21,170.2,10,2002,21,2003
"22",2002-10-22,172.8,10,2002,22,2003
"23",2002-10-23,173.8,10,2002,23,2003
"24",2002-10-24,174.5,10,2002,24,2003
"25",2002-10-25,174.2,10,2002,25,2003
"26",2002-10-26,177.1,10,2002,26,2003
"27",2002-10-27,190,10,2002,27,2003
"28",2002-10-28,182.4,10,2002,28,2003
"29",2002-10-29,182.4,10,2002,29,2003
"30",2002-10-30,182.4,10,2002,30,2003
"31",2002-10-31,179.9,10,2002,31,2003
"32",2002-11-01,178.6,11,2002,1,2003
"33",2002-11-02,182.4,11,2002,2,2003
"34",2002-11-03,184.6,11,2002,3,2003
"35",2002-11-04,182.4,11,2002,4,2003
"36",2002-11-05,184.4,11,2002,5,2003
"37",2002-11-06,186.7,11,2002,6,2003
"38",2002-11-07,376.8,11,2002,7,2003
"39",2002-11-08,1740,11,2002,8,2003
"40",2002-11-09,712.8,11,2002,9,2003
"41",2002-11-10,415.8,11,2002,10,2003
"42",2002-11-11,368.9,11,2002,11,2003
"43",2002-11-12,385.6,11,2002,12,2003
"44",2002-11-13,432.4,11,2002,13,2003
"45",2002-11-14,357.4,11,2002,14,2003
"46",2002-11-15,310,11,2002,15,2003
"47",2002-11-16,296.6,11,2002,16,2003
"48",2002-11-17,289,11,2002,17,2003
"49",2002-11-18,276.3,11,2002,18,2003
"50",2002-11-19,266.4,11,2002,19,2003
"51",2002-11-20,267,11,2002,20,2003
"52",2002-11-21,280.7,11,2002,21,2003
"53",2002-11-22,295.5,11,2002,22,2003
"54",2002-11-23,297.8,11,2002,23,2003
"55",2002-11-24,282.3,11,2002,24,2003
"56",2002-11-25,261.6,11,2002,25,2003
"57",2002-11-26,246.8,11,2002,26,2003
"58",2002-11-27,243,11,2002,27,2003
"59",2002-11-28,238.3,11,2002,28,2003
"60",2002-11-29,233.2,11,2002,29,2003
"61",2002-11-30,234,11,2002,30,2003
"62",2002-12-01,234.3,12,2002,1,2003
"63",2002-12-02,230.4,12,2002,2,2003
"64",2002-12-03,230.4,12,2002,3,2003
"65",2002-12-04,230.4,12,2002,4,2003
"66",2002-12-05,230.4,12,2002,5,2003
"67",2002-12-06,230.4,12,2002,6,2003
"68",2002-12-07,230.4,12,2002,7,2003
"69",2002-12-08,223.5,12,2002,8,2003
"70",2002-12-09,230.4,12,2002,9,2003
"71",2002-12-10,233.7,12,2002,10,2003
"72",2002-12-11,233.1,12,2002,11,2003
"73",2002-12-12,231.5,12,2002,12,2003
"74",2002-12-13,766.9,12,2002,13,2003
"75",2002-12-14,1821.9,12,2002,14,2003
"76",2002-12-15,672.5,12,2002,15,2003
"77",2002-12-16,401,12,2002,16,2003
"78",2002-12-17,552.2,12,2002,17,2003
"79",2002-12-18,489.8,12,2002,18,2003
"80",2002-12-19,410,12,2002,19,2003
"81",2002-12-20,373.2,12,2002,20,2003
"82",2002-12-21,356.4,12,2002,21,2003
"83",2002-12-22,338.2,12,2002,22,2003
"84",2002-12-23,322.2,12,2002,23,2003
"85",2002-12-24,316.8,12,2002,24,2003
"86",2002-12-25,310.8,12,2002,25,2003
"87",2002-12-26,301.8,12,2002,26,2003
"88",2002-12-27,529.1,12,2002,27,2003
"89",2002-12-28,642.8,12,2002,28,2003
"90",2002-12-29,505.8,12,2002,29,2003
"91",2002-12-30,436,12,2002,30,2003
"92",2002-12-31,413.1,12,2002,31,2003
"93",2003-01-01,388.1,1,2003,1,2003
"94",2003-01-02,370.6,1,2003,2,2003
"95",2003-01-03,364.8,1,2003,3,2003
"96",2003-01-04,371,1,2003,4,2003
"97",2003-01-05,371.2,1,2003,5,2003
"98",2003-01-06,364.8,1,2003,6,2003
"99",2003-01-07,364.8,1,2003,7,2003
"100",2003-01-08,345.8,1,2003,8,2003
"101",2003-01-09,348,1,2003,9,2003
"102",2003-01-10,353.2,1,2003,10,2003
"103",2003-01-11,360.8,1,2003,11,2003
"104",2003-01-12,359.2,1,2003,12,2003
"105",2003-01-13,364.8,1,2003,13,2003
"106",2003-01-14,356,1,2003,14,2003
"107",2003-01-15,345.6,1,2003,15,2003
"108",2003-01-16,341.2,1,2003,16,2003
"109",2003-01-17,336,1,2003,17,2003
"110",2003-01-18,336,1,2003,18,2003
"111",2003-01-19,339,1,2003,19,2003
"112",2003-01-20,340.9,1,2003,20,2003
"113",2003-01-21,354.8,1,2003,21,2003
"114",2003-01-22,407.5,1,2003,22,2003
"115",2003-01-23,940.4,1,2003,23,2003
"116",2003-01-24,896.6,1,2003,24,2003
"117",2003-01-25,728.9,1,2003,25,2003
"118",2003-01-26,685.2,1,2003,26,2003
"119",2003-01-27,873.9,1,2003,27,2003
"120",2003-01-28,1004.3,1,2003,28,2003
"121",2003-01-29,793.3,1,2003,29,2003
"122",2003-01-30,727.1,1,2003,30,2003
"123",2003-01-31,748.5,1,2003,31,2003
"124",2003-02-01,856.3,2,2003,1,2003
"125",2003-02-02,793,2,2003,2,2003
"126",2003-02-03,711.2,2,2003,3,2003
"127",2003-02-04,729.1,2,2003,4,2003
"128",2003-02-05,692.1,2,2003,5,2003
"129",2003-02-06,728.5,2,2003,6,2003
"130",2003-02-07,643.3,2,2003,7,2003
"131",2003-02-08,547.3,2,2003,8,2003
"132",2003-02-09,510,2,2003,9,2003
"133",2003-02-10,477,2,2003,10,2003
"134",2003-02-11,447,2,2003,11,2003
"135",2003-02-12,432,2,2003,12,2003
"136",2003-02-13,503.3,2,2003,13,2003
"137",2003-02-14,516.2,2,2003,14,2003
"138",2003-02-15,487.2,2,2003,15,2003
"139",2003-02-16,476.3,2,2003,16,2003
"140",2003-02-17,448.8,2,2003,17,2003
"141",2003-02-18,464.7,2,2003,18,2003
"142",2003-02-19,432,2,2003,19,2003
"143",2003-02-20,412.8,2,2003,20,2003
"144",2003-02-21,410.6,2,2003,21,2003
"145",2003-02-22,399.4,2,2003,22,2003
"146",2003-02-23,393.6,2,2003,23,2003
"147",2003-02-24,393.6,2,2003,24,2003
"148",2003-02-25,390.7,2,2003,25,2003
"149",2003-02-26,383.8,2,2003,26,2003
"150",2003-02-27,384,2,2003,27,2003
"151",2003-02-28,383.2,2,2003,28,2003
"152",2003-03-01,376.6,3,2003,1,2003
"153",2003-03-02,385.9,3,2003,2,2003
"154",2003-03-03,364.8,3,2003,3,2003
"155",2003-03-04,353.8,3,2003,4,2003
"156",2003-03-05,352.4,3,2003,5,2003
"157",2003-03-06,371.4,3,2003,6,2003
"158",2003-03-07,381.7,3,2003,7,2003
"159",2003-03-08,393.2,3,2003,8,2003
"160",2003-03-09,401.8,3,2003,9,2003
"161",2003-03-10,430.8,3,2003,10,2003
"162",2003-03-11,503.6,3,2003,11,2003
"163",2003-03-12,618.5,3,2003,12,2003
"164",2003-03-13,933.3,3,2003,13,2003
"165",2003-03-14,1081,3,2003,14,2003
"166",2003-03-15,1335,3,2003,15,2003
"167",2003-03-16,1021.9,3,2003,16,2003
"168",2003-03-17,853.7,3,2003,17,2003
"169",2003-03-18,770.7,3,2003,18,2003
"170",2003-03-19,743.7,3,2003,19,2003
"171",2003-03-20,735.9,3,2003,20,2003
"172",2003-03-21,754.3,3,2003,21,2003
"173",2003-03-22,898.9,3,2003,22,2003
"174",2003-03-23,1642,3,2003,23,2003
"175",2003-03-24,1445,3,2003,24,2003
"176",2003-03-25,1475,3,2003,25,2003
"177",2003-03-26,3006,3,2003,26,2003
"178",2003-03-27,2389,3,2003,27,2003
"179",2003-03-28,1873,3,2003,28,2003
"180",2003-03-29,1782,3,2003,29,2003
"181",2003-03-30,2042,3,2003,30,2003
"182",2003-03-31,2385,3,2003,31,2003
"183",2003-04-01,2252,4,2003,1,2003
"184",2003-04-02,1689,4,2003,2,2003
"185",2003-04-03,1507,4,2003,3,2003
"186",2003-04-04,1333,4,2003,4,2003
"187",2003-04-05,1248,4,2003,5,2003
"188",2003-04-06,1114,4,2003,6,2003
"189",2003-04-07,1245,4,2003,7,2003
"190",2003-04-08,1494,4,2003,8,2003
"191",2003-04-09,1666,4,2003,9,2003
"192",2003-04-10,1791,4,2003,10,2003
"193",2003-04-11,2008,4,2003,11,2003
"194",2003-04-12,1901,4,2003,12,2003
"195",2003-04-13,1559,4,2003,13,2003
"196",2003-04-14,1536,4,2003,14,2003
"197",2003-04-15,1408,4,2003,15,2003
"198",2003-04-16,1326,4,2003,16,2003
"199",2003-04-17,1270,4,2003,17,2003
"200",2003-04-18,1248,4,2003,18,2003
"201",2003-04-19,1256,4,2003,19,2003
"202",2003-04-20,1351,4,2003,20,2003
"203",2003-04-21,1421,4,2003,21,2003
"204",2003-04-22,1313,4,2003,22,2003
"205",2003-04-23,1346,4,2003,23,2003
"206",2003-04-24,1468,4,2003,24,2003
"207",2003-04-25,1284,4,2003,25,2003
"208",2003-04-26,1245,4,2003,26,2003
"209",2003-04-27,1244,4,2003,27,2003
"210",2003-04-28,1265,4,2003,28,2003
"211",2003-04-29,1222,4,2003,29,2003
"212",2003-04-30,1186,4,2003,30,2003
"213",2003-05-01,1256,5,2003,1,2003
"214",2003-05-02,1396,5,2003,2,2003
"215",2003-05-03,1592,5,2003,3,2003
"216",2003-05-04,1891,5,2003,4,2003
"217",2003-05-05,1926,5,2003,5,2003
"218",2003-05-06,1926,5,2003,6,2003
"219",2003-05-07,1902,5,2003,7,2003
"220",2003-05-08,1879,5,2003,8,2003
"221",2003-05-09,1610,5,2003,9,2003
"222",2003-05-10,1697,5,2003,10,2003
"223",2003-05-11,2008,5,2003,11,2003
"224",2003-05-12,2424,5,2003,12,2003
"225",2003-05-13,2924,5,2003,13,2003
"226",2003-05-14,3513,5,2003,14,2003
"227",2003-05-15,3926,5,2003,15,2003
"228",2003-05-16,3815,5,2003,16,2003
"229",2003-05-17,3823,5,2003,17,2003
"230",2003-05-18,3730,5,2003,18,2003
"231",2003-05-19,3672,5,2003,19,2003
"232",2003-05-20,3866,5,2003,20,2003
"233",2003-05-21,4243,5,2003,21,2003
"234",2003-05-22,4669,5,2003,22,2003
"235",2003-05-23,4959,5,2003,23,2003
"236",2003-05-24,5170,5,2003,24,2003
"237",2003-05-25,4877,5,2003,25,2003
"238",2003-05-26,4649,5,2003,26,2003
"239",2003-05-27,4610,5,2003,27,2003
"240",2003-05-28,4684,5,2003,28,2003
"241",2003-05-29,4648,5,2003,29,2003
"242",2003-05-30,4487,5,2003,30,2003
"243",2003-05-31,4028,5,2003,31,2003
"244",2003-06-01,3727,6,2003,1,2003
"245",2003-06-02,3527,6,2003,2,2003
"246",2003-06-03,3307,6,2003,3,2003
"247",2003-06-04,3196,6,2003,4,2003
"248",2003-06-05,3025,6,2003,5,2003
"249",2003-06-06,2818,6,2003,6,2003
"250",2003-06-07,2718,6,2003,7,2003
"251",2003-06-08,2628,6,2003,8,2003
"252",2003-06-09,2484,6,2003,9,2003
"253",2003-06-10,2247,6,2003,10,2003
"254",2003-06-11,2042,6,2003,11,2003
"255",2003-06-12,1848,6,2003,12,2003
"256",2003-06-13,1651,6,2003,13,2003
"257",2003-06-14,1477,6,2003,14,2003
"258",2003-06-15,1375,6,2003,15,2003
"259",2003-06-16,1293,6,2003,16,2003
"260",2003-06-17,1231,6,2003,17,2003
"261",2003-06-18,1198,6,2003,18,2003
"262",2003-06-19,1108,6,2003,19,2003
"263",2003-06-20,1019,6,2003,20,2003
"264",2003-06-21,955.8,6,2003,21,2003
"265",2003-06-22,903,6,2003,22,2003
"266",2003-06-23,951.7,6,2003,23,2003
"267",2003-06-24,919,6,2003,24,2003
"268",2003-06-25,815.4,6,2003,25,2003
"269",2003-06-26,736,6,2003,26,2003
"270",2003-06-27,692.3,6,2003,27,2003
"271",2003-06-28,652.2,6,2003,28,2003
"272",2003-06-29,610.6,6,2003,29,2003
"273",2003-06-30,580,6,2003,30,2003
"274",2003-07-01,551.2,7,2003,1,2003
"275",2003-07-02,517.8,7,2003,2,2003
"276",2003-07-03,496.8,7,2003,3,2003
"277",2003-07-04,475.4,7,2003,4,2003
"278",2003-07-05,453.4,7,2003,5,2003
"279",2003-07-06,434.6,7,2003,6,2003
"280",2003-07-07,417.4,7,2003,7,2003
"281",2003-07-08,391,7,2003,8,2003
"282",2003-07-09,373.3,7,2003,9,2003
"283",2003-07-10,355.7,7,2003,10,2003
"284",2003-07-11,334.3,7,2003,11,2003
"285",2003-07-12,324.7,7,2003,12,2003
"286",2003-07-13,314.8,7,2003,13,2003
"287",2003-07-14,311.9,7,2003,14,2003
"288",2003-07-15,299.7,7,2003,15,2003
"289",2003-07-16,290.9,7,2003,16,2003
"290",2003-07-17,280.2,7,2003,17,2003
"291",2003-07-18,274,7,2003,18,2003
"292",2003-07-19,264.4,7,2003,19,2003
"293",2003-07-20,260.1,7,2003,20,2003
"294",2003-07-21,259.7,7,2003,21,2003
"295",2003-07-23,370.7,7,2003,23,2003
"296",2003-07-24,353.8,7,2003,24,2003
"297",2003-07-25,288.9,7,2003,25,2003
"298",2003-07-26,271.3,7,2003,26,2003
"299",2003-07-27,266.5,7,2003,27,2003
"300",2003-07-28,267.5,7,2003,28,2003
"301",2003-07-29,249.7,7,2003,29,2003
"302",2003-07-30,241.4,7,2003,30,2003
"303",2003-07-31,265.4,7,2003,31,2003
"304",2003-08-01,330,8,2003,1,2003
"305",2003-08-02,401.7,8,2003,2,2003
"306",2003-08-05,253.3,8,2003,5,2003
"307",2003-08-06,248.1,8,2003,6,2003
"308",2003-08-07,238.8,8,2003,7,2003
"309",2003-08-08,231,8,2003,8,2003
"310",2003-08-09,223.4,8,2003,9,2003
"311",2003-08-10,215.7,8,2003,10,2003
"312",2003-08-11,206.6,8,2003,11,2003
"313",2003-08-12,203.8,8,2003,12,2003
"314",2003-08-13,200,8,2003,13,2003
"315",2003-08-14,198.1,8,2003,14,2003
"316",2003-08-15,195.8,8,2003,15,2003
"317",2003-08-16,191,8,2003,16,2003
"318",2003-08-17,144.3,8,2003,17,2003
"319",2003-08-18,90.7,8,2003,18,2003
"320",2003-08-19,185.3,8,2003,19,2003
"321",2003-08-20,187.4,8,2003,20,2003
"322",2003-08-21,244.5,8,2003,21,2003
"323",2003-08-22,274.6,8,2003,22,2003
"324",2003-08-23,227.3,8,2003,23,2003
"325",2003-08-24,209.7,8,2003,24,2003
"326",2003-08-25,197.6,8,2003,25,2003
"327",2003-08-26,219.9,8,2003,26,2003
"328",2003-08-27,209.1,8,2003,27,2003
"329",2003-08-28,190.7,8,2003,28,2003
"330",2003-08-29,187.1,8,2003,29,2003
"331",2003-08-30,183.8,8,2003,30,2003
"332",2003-08-31,186.6,8,2003,31,2003
"333",2003-09-01,189.4,9,2003,1,2003
"334",2003-09-02,182.7,9,2003,2,2003
"335",2003-09-03,174.5,9,2003,3,2003
"336",2003-09-04,200.3,9,2003,4,2003
"337",2003-09-05,190.7,9,2003,5,2003
"338",2003-09-06,178.7,9,2003,6,2003
"339",2003-09-07,174.1,9,2003,7,2003
"340",2003-09-08,175.2,9,2003,8,2003
"341",2003-09-09,175.3,9,2003,9,2003
"342",2003-09-10,176.9,9,2003,10,2003
"343",2003-09-11,169,9,2003,11,2003
"344",2003-09-12,172.2,9,2003,12,2003
"345",2003-09-13,170.1,9,2003,13,2003
"346",2003-09-14,161,9,2003,14,2003
"347",2003-09-15,166.8,9,2003,15,2003
"348",2003-09-16,165.6,9,2003,16,2003
"349",2003-09-17,166.3,9,2003,17,2003
"350",2003-09-18,168.4,9,2003,18,2003
"351",2003-09-19,152.5,9,2003,19,2003
"352",2003-09-20,146.4,9,2003,20,2003
"353",2003-09-21,158.9,9,2003,21,2003
"354",2003-09-22,165.3,9,2003,22,2003
"355",2003-09-23,164.7,9,2003,23,2003
"356",2003-09-24,160.9,9,2003,24,2003
"357",2003-09-25,157.9,9,2003,25,2003
"358",2003-09-26,158.6,9,2003,26,2003
"359",2003-09-27,159.2,9,2003,27,2003
"360",2003-09-28,158.9,9,2003,28,2003
"361",2003-09-29,159.1,9,2003,29,2003
"362",2003-09-30,154.8,9,2003,30,2003
"363",2003-10-01,161.2,10,2003,1,2004
"364",2003-10-02,168,10,2003,2,2004
"365",2003-10-03,187,10,2003,3,2004
"366",2003-10-04,175.9,10,2003,4,2004
"367",2003-10-05,168.8,10,2003,5,2004
"368",2003-10-06,167.8,10,2003,6,2004
"369",2003-10-07,165.9,10,2003,7,2004
"370",2003-10-08,166.7,10,2003,8,2004
"371",2003-10-09,165.2,10,2003,9,2004
"372",2003-10-10,163.6,10,2003,10,2004
"373",2003-10-11,169.2,10,2003,11,2004
"374",2003-10-12,169.3,10,2003,12,2004
"375",2003-10-13,168.4,10,2003,13,2004
"376",2003-10-14,170.2,10,2003,14,2004
"377",2003-10-15,168.8,10,2003,15,2004
"378",2003-10-16,169.1,10,2003,16,2004
"379",2003-10-17,168.9,10,2003,17,2004
"380",2003-10-18,167.7,10,2003,18,2004
"381",2003-10-19,167.2,10,2003,19,2004
"382",2003-10-20,168.7,10,2003,20,2004
"383",2003-10-21,170.3,10,2003,21,2004
"384",2003-10-22,172.8,10,2003,22,2004
"385",2003-10-23,172.8,10,2003,23,2004
"386",2003-10-24,171.5,10,2003,24,2004
"387",2003-10-25,172.9,10,2003,25,2004
"388",2003-10-26,179.9,10,2003,26,2004
"389",2003-10-27,172.8,10,2003,27,2004
"390",2003-10-28,172.8,10,2003,28,2004
"391",2003-10-29,172.8,10,2003,29,2004
"392",2003-10-30,175.5,10,2003,30,2004
"393",2003-10-31,184.9,10,2003,31,2004
"394",2003-11-01,192,11,2003,1,2004
"395",2003-11-02,190.8,11,2003,2,2004
"396",2003-11-03,192,11,2003,3,2004
"397",2003-11-04,198.2,11,2003,4,2004
"398",2003-11-05,201.6,11,2003,5,2004
"399",2003-11-06,201.2,11,2003,6,2004
"400",2003-11-07,208.8,11,2003,7,2004
"401",2003-11-08,224.7,11,2003,8,2004
"402",2003-11-09,238.5,11,2003,9,2004
"403",2003-11-10,227.6,11,2003,10,2004
"404",2003-11-11,216.7,11,2003,11,2004
"405",2003-11-12,218.3,11,2003,12,2004
"406",2003-11-13,223.8,11,2003,13,2004
"407",2003-11-14,223.8,11,2003,14,2004
"408",2003-11-15,230.4,11,2003,15,2004
"409",2003-11-16,227,11,2003,16,2004
"410",2003-11-17,226.3,11,2003,17,2004
"411",2003-11-18,227.8,11,2003,18,2004
"412",2003-11-19,229.3,11,2003,19,2004
"413",2003-11-20,242.3,11,2003,20,2004
"414",2003-11-21,233.7,11,2003,21,2004
"415",2003-11-22,216.1,11,2003,22,2004
"416",2003-11-23,201.9,11,2003,23,2004
"417",2003-11-24,201.6,11,2003,24,2004
"418",2003-11-25,201.6,11,2003,25,2004
"419",2003-11-26,201.6,11,2003,26,2004
"420",2003-11-27,202,11,2003,27,2004
"421",2003-11-28,209,11,2003,28,2004
"422",2003-11-29,229.8,11,2003,29,2004
"423",2003-11-30,240.9,11,2003,30,2004
"424",2003-12-01,242.3,12,2003,1,2004
"425",2003-12-02,261.6,12,2003,2,2004
"426",2003-12-03,242.6,12,2003,3,2004
"427",2003-12-04,233.7,12,2003,4,2004
"428",2003-12-05,350.6,12,2003,5,2004
"429",2003-12-06,1331,12,2003,6,2004
"430",2003-12-07,1026.9,12,2003,7,2004
"431",2003-12-08,412.1,12,2003,8,2004
"432",2003-12-09,331,12,2003,9,2004
"433",2003-12-10,310.5,12,2003,10,2004
"434",2003-12-11,283.8,12,2003,11,2004
"435",2003-12-12,278.4,12,2003,12,2004
"436",2003-12-13,286.2,12,2003,13,2004
"437",2003-12-14,294.3,12,2003,14,2004
"438",2003-12-15,284.2,12,2003,15,2004
"439",2003-12-16,258,12,2003,16,2004
"440",2003-12-17,259.2,12,2003,17,2004
"441",2003-12-19,256.5,12,2003,19,2004
"442",2003-12-20,311.9,12,2003,20,2004
"443",2003-12-21,317.3,12,2003,21,2004
"444",2003-12-22,291.2,12,2003,22,2004
"445",2003-12-23,288,12,2003,23,2004
"446",2003-12-26,342.2,12,2003,26,2004
"447",2003-12-27,334.8,12,2003,27,2004
"448",2003-12-28,321.7,12,2003,28,2004
"449",2003-12-29,317.8,12,2003,29,2004
"450",2003-12-31,285,12,2003,31,2004
"451",2004-01-03,288.5,1,2004,3,2004
"452",2004-01-05,285.4,1,2004,5,2004
"453",2004-01-06,278.4,1,2004,6,2004
"454",2004-01-07,275.5,1,2004,7,2004
"455",2004-01-08,324.7,1,2004,8,2004
"456",2004-01-09,340.3,1,2004,9,2004
"457",2004-01-10,336,1,2004,10,2004
"458",2004-01-11,336,1,2004,11,2004
"459",2004-01-12,322,1,2004,12,2004
"460",2004-01-13,336,1,2004,13,2004
"461",2004-01-14,328,1,2004,14,2004
"462",2004-01-15,316.8,1,2004,15,2004
"463",2004-01-16,306.4,1,2004,16,2004
"464",2004-01-17,297.6,1,2004,17,2004
"465",2004-01-18,285.2,1,2004,18,2004
"466",2004-01-19,297.6,1,2004,19,2004
"467",2004-01-20,296.4,1,2004,20,2004
"468",2004-01-21,288,1,2004,21,2004
"469",2004-01-24,288,1,2004,24,2004
"470",2004-01-25,288,1,2004,25,2004
"471",2004-01-27,288,1,2004,27,2004
"472",2004-01-28,269.8,1,2004,28,2004
"473",2004-01-29,278.4,1,2004,29,2004
"474",2004-01-30,279.4,1,2004,30,2004
"475",2004-01-31,278.4,1,2004,31,2004
"476",2004-02-01,278.4,2,2004,1,2004
"477",2004-02-02,283.9,2,2004,2,2004
"478",2004-02-03,281.1,2,2004,3,2004
"479",2004-02-04,278.4,2,2004,4,2004
"480",2004-02-06,276,2,2004,6,2004
"481",2004-02-07,278.5,2,2004,7,2004
"482",2004-02-09,278.4,2,2004,9,2004
"483",2004-02-10,273.5,2,2004,10,2004
"484",2004-02-11,266.4,2,2004,11,2004
"485",2004-02-12,268.1,2,2004,12,2004
"486",2004-02-13,263.1,2,2004,13,2004
"487",2004-02-14,259.2,2,2004,14,2004
"488",2004-02-15,259.2,2,2004,15,2004
"489",2004-02-16,745.9,2,2004,16,2004
"490",2004-02-17,1383,2,2004,17,2004
"491",2004-02-18,764.1,2,2004,18,2004
"492",2004-02-19,582.1,2,2004,19,2004
"493",2004-02-20,502,2,2004,20,2004
"494",2004-02-21,457.4,2,2004,21,2004
"495",2004-02-22,425.8,2,2004,22,2004
"496",2004-02-23,397.8,2,2004,23,2004
"497",2004-02-24,389.7,2,2004,24,2004
"498",2004-02-25,428.5,2,2004,25,2004
"499",2004-02-26,427.8,2,2004,26,2004
"500",2004-02-27,383.2,2,2004,27,2004
"501",2004-02-28,365.6,2,2004,28,2004
"502",2004-02-29,360.6,2,2004,29,2004
"503",2004-03-01,346,3,2004,1,2004
"504",2004-03-02,344.7,3,2004,2,2004
"505",2004-03-03,338.1,3,2004,3,2004
"506",2004-03-04,336,3,2004,4,2004
"507",2004-03-05,328.7,3,2004,5,2004
"508",2004-03-06,370.9,3,2004,6,2004
"509",2004-03-07,422.8,3,2004,7,2004
"510",2004-03-08,489.8,3,2004,8,2004
"511",2004-03-09,575,3,2004,9,2004
"512",2004-03-10,656.9,3,2004,10,2004
"513",2004-03-11,683.4,3,2004,11,2004
"514",2004-03-12,715.5,3,2004,12,2004
"515",2004-03-13,770.8,3,2004,13,2004
"516",2004-03-14,861.7,3,2004,14,2004
"517",2004-03-15,974.2,3,2004,15,2004
"518",2004-03-16,997.8,3,2004,16,2004
"519",2004-03-17,1112,3,2004,17,2004
"520",2004-03-18,1246,3,2004,18,2004
"521",2004-03-19,1468,3,2004,19,2004
"522",2004-03-20,1592,3,2004,20,2004
"523",2004-03-21,1798,3,2004,21,2004
"524",2004-03-22,1982,3,2004,22,2004
"525",2004-03-23,2076,3,2004,23,2004
"526",2004-03-24,1983,3,2004,24,2004
"527",2004-03-25,1689,3,2004,25,2004
"528",2004-03-26,1403,3,2004,26,2004
"529",2004-03-27,1285,3,2004,27,2004
"530",2004-03-28,1350,3,2004,28,2004
"531",2004-03-29,1656,3,2004,29,2004
"532",2004-03-30,1949,3,2004,30,2004
"533",2004-03-31,2119,3,2004,31,2004
"534",2004-04-01,1865,4,2004,1,2004
"535",2004-04-02,1706,4,2004,2,2004
"536",2004-04-03,1942,4,2004,3,2004
"537",2004-04-04,2269,4,2004,4,2004
"538",2004-04-05,2634,4,2004,5,2004
"539",2004-04-06,2476,4,2004,6,2004
"540",2004-04-07,2493,4,2004,7,2004
"541",2004-04-08,2626,4,2004,8,2004
"542",2004-04-09,2650,4,2004,9,2004
"543",2004-04-10,2588,4,2004,10,2004
"544",2004-04-11,2572,4,2004,11,2004
"545",2004-04-12,2691,4,2004,12,2004
"546",2004-04-13,2691,4,2004,13,2004
"547",2004-04-14,2294,4,2004,14,2004
"548",2004-04-15,2173,4,2004,15,2004
"549",2004-04-16,1929,4,2004,16,2004
"550",2004-04-17,1777,4,2004,17,2004
"551",2004-04-18,1611,4,2004,18,2004
"552",2004-04-19,1494,4,2004,19,2004
"553",2004-04-20,1587,4,2004,20,2004
"554",2004-04-21,1565,4,2004,21,2004
"555",2004-04-22,1507,4,2004,22,2004
"556",2004-04-23,1542,4,2004,23,2004
"557",2004-04-24,1606,4,2004,24,2004
"558",2004-04-25,1766,4,2004,25,2004
"559",2004-04-26,2081,4,2004,26,2004
"560",2004-04-27,2367,4,2004,27,2004
"561",2004-04-28,2399,4,2004,28,2004
"562",2004-04-29,2079,4,2004,29,2004
"563",2004-04-30,2000,4,2004,30,2004
"564",2004-05-01,2059,5,2004,1,2004
"565",2004-05-02,2048,5,2004,2,2004
"566",2004-05-03,2218,5,2004,3,2004
"567",2004-05-04,2308,5,2004,4,2004
"568",2004-05-05,2309,5,2004,5,2004
"569",2004-05-06,2170,5,2004,6,2004
"570",2004-05-07,1977,5,2004,7,2004
"571",2004-05-08,1797,5,2004,8,2004
"572",2004-05-09,1736,5,2004,9,2004
"573",2004-05-10,1693,5,2004,10,2004
"574",2004-05-11,1822,5,2004,11,2004
"575",2004-05-12,1570,5,2004,12,2004
"576",2004-05-13,1420,5,2004,13,2004
"577",2004-05-14,1326,5,2004,14,2004
"578",2004-05-15,1271,5,2004,15,2004
"579",2004-05-16,1228,5,2004,16,2004
"580",2004-05-17,1182,5,2004,17,2004
"581",2004-05-18,1106,5,2004,18,2004
"582",2004-05-19,1056,5,2004,19,2004
"583",2004-05-20,1036,5,2004,20,2004
"584",2004-05-21,925,5,2004,21,2004
"585",2004-05-22,958.6,5,2004,22,2004
"586",2004-05-23,936.3,5,2004,23,2004
"587",2004-05-24,887.7,5,2004,24,2004
"588",2004-05-25,857.2,5,2004,25,2004
"589",2004-05-26,823,5,2004,26,2004
"590",2004-05-27,871,5,2004,27,2004
"591",2004-05-28,1248,5,2004,28,2004
"592",2004-05-29,984.2,5,2004,29,2004
"593",2004-05-30,887.8,5,2004,30,2004
"594",2004-05-31,845.9,5,2004,31,2004
"595",2004-06-01,822,6,2004,1,2004
"596",2004-06-02,785.9,6,2004,2,2004
"597",2004-06-03,749,6,2004,3,2004
"598",2004-06-04,703.6,6,2004,4,2004
"599",2004-06-05,666.6,6,2004,5,2004
"600",2004-06-06,624.6,6,2004,6,2004
"601",2004-06-07,633.6,6,2004,7,2004
"602",2004-06-08,607,6,2004,8,2004
"603",2004-06-09,628.1,6,2004,9,2004
"604",2004-06-10,594.8,6,2004,10,2004
"605",2004-06-11,551.8,6,2004,11,2004
"606",2004-06-12,517,6,2004,12,2004
"607",2004-06-13,486,6,2004,13,2004
"608",2004-06-14,477.2,6,2004,14,2004
"609",2004-06-15,433,6,2004,15,2004
"610",2004-06-16,462.6,6,2004,16,2004
"611",2004-06-17,426.8,6,2004,17,2004
"612",2004-06-18,430.2,6,2004,18,2004
"613",2004-06-19,411.6,6,2004,19,2004
"614",2004-06-20,392.8,6,2004,20,2004
"615",2004-06-21,381.4,6,2004,21,2004
"616",2004-06-22,367.3,6,2004,22,2004
"617",2004-06-23,351.9,6,2004,23,2004
"618",2004-06-24,325.1,6,2004,24,2004
"619",2004-06-25,328,6,2004,25,2004
"620",2004-06-26,318.8,6,2004,26,2004
"621",2004-06-27,302.5,6,2004,27,2004
"622",2004-06-28,316.8,6,2004,28,2004
"623",2004-06-29,314.2,6,2004,29,2004
"624",2004-06-30,312.8,6,2004,30,2004
"625",2004-07-01,309.2,7,2004,1,2004
"626",2004-07-02,317.9,7,2004,2,2004
"627",2004-07-03,281.8,7,2004,3,2004
"628",2004-07-04,274.6,7,2004,4,2004
"629",2004-07-05,264,7,2004,5,2004
"630",2004-07-06,243.8,7,2004,6,2004
"631",2004-07-07,246.4,7,2004,7,2004
"632",2004-07-08,240.9,7,2004,8,2004
"633",2004-07-09,238.4,7,2004,9,2004
"634",2004-07-10,234.5,7,2004,10,2004
"635",2004-07-11,216.3,7,2004,11,2004
"636",2004-07-12,213.2,7,2004,12,2004
"637",2004-07-13,216.1,7,2004,13,2004
"638",2004-07-14,210.8,7,2004,14,2004
"639",2004-07-15,191.1,7,2004,15,2004
"640",2004-07-16,190.7,7,2004,16,2004
"641",2004-07-17,197.3,7,2004,17,2004
"642",2004-07-18,199.9,7,2004,18,2004
"643",2004-07-19,198.4,7,2004,19,2004
"644",2004-07-20,197,7,2004,20,2004
"645",2004-07-21,179,7,2004,21,2004
"646",2004-07-22,175.6,7,2004,22,2004
"647",2004-07-23,167.5,7,2004,23,2004
"648",2004-07-24,173.5,7,2004,24,2004
"649",2004-07-25,170.7,7,2004,25,2004
"650",2004-07-26,162.3,7,2004,26,2004
"651",2004-07-27,169.1,7,2004,27,2004
"652",2004-07-28,166,7,2004,28,2004
"653",2004-07-29,162.8,7,2004,29,2004
"654",2004-07-30,163.3,7,2004,30,2004
"655",2004-07-31,162.9,7,2004,31,2004
"656",2004-08-01,162.4,8,2004,1,2004
"657",2004-08-02,160.6,8,2004,2,2004
"658",2004-08-03,160.6,8,2004,3,2004
"659",2004-08-04,159.7,8,2004,4,2004
"660",2004-08-05,158.1,8,2004,5,2004
"661",2004-08-06,157.4,8,2004,6,2004
"662",2004-08-07,157.4,8,2004,7,2004
"663",2004-08-08,154.6,8,2004,8,2004
"664",2004-08-09,152.6,8,2004,9,2004
"665",2004-08-10,150.7,8,2004,10,2004
"666",2004-08-11,144.5,8,2004,11,2004
"667",2004-08-12,142.9,8,2004,12,2004
"668",2004-08-13,145.2,8,2004,13,2004
"669",2004-08-14,147.6,8,2004,14,2004
"670",2004-08-15,143.7,8,2004,15,2004
"671",2004-08-16,155.5,8,2004,16,2004
"672",2004-08-17,149.9,8,2004,17,2004
"673",2004-08-18,147,8,2004,18,2004
"674",2004-08-19,147.2,8,2004,19,2004
"675",2004-08-20,146.7,8,2004,20,2004
"676",2004-08-21,145.9,8,2004,21,2004
"677",2004-08-22,147.8,8,2004,22,2004
"678",2004-08-23,149.7,8,2004,23,2004
"679",2004-08-24,148.3,8,2004,24,2004
"680",2004-08-25,147.9,8,2004,25,2004
"681",2004-08-26,151.9,8,2004,26,2004
"682",2004-08-27,152.7,8,2004,27,2004
"683",2004-08-28,150.9,8,2004,28,2004
"684",2004-08-29,147.9,8,2004,29,2004
"685",2004-08-30,147,8,2004,30,2004
"686",2004-08-31,145.9,8,2004,31,2004
"687",2004-09-01,142.3,9,2004,1,2004
"688",2004-09-02,144,9,2004,2,2004
"689",2004-09-03,147.1,9,2004,3,2004
"690",2004-09-04,150.8,9,2004,4,2004
"691",2004-09-05,149.7,9,2004,5,2004
"692",2004-09-06,147.2,9,2004,6,2004
"693",2004-09-07,146.1,9,2004,7,2004
"694",2004-09-08,145.8,9,2004,8,2004
"695",2004-09-09,145.6,9,2004,9,2004
"696",2004-09-10,144.9,9,2004,10,2004
"697",2004-09-11,144.3,9,2004,11,2004
"698",2004-09-12,144,9,2004,12,2004
"699",2004-09-13,144.7,9,2004,13,2004
"700",2004-09-14,146.4,9,2004,14,2004
"701",2004-09-15,148.1,9,2004,15,2004
"702",2004-09-16,147.5,9,2004,16,2004
"703",2004-09-17,147.1,9,2004,17,2004
"704",2004-09-18,145.6,9,2004,18,2004
"705",2004-09-19,152.9,9,2004,19,2004
"706",2004-09-20,169.6,9,2004,20,2004
"707",2004-09-21,170.3,9,2004,21,2004
"708",2004-09-22,165.2,9,2004,22,2004
"709",2004-09-23,159.4,9,2004,23,2004
"710",2004-09-24,156.5,9,2004,24,2004
"711",2004-09-25,152.6,9,2004,25,2004
"712",2004-09-26,151,9,2004,26,2004
"713",2004-09-27,152.3,9,2004,27,2004
"714",2004-09-28,152.8,9,2004,28,2004
"715",2004-09-29,156.1,9,2004,29,2004
"716",2004-09-30,163.2,9,2004,30,2004
"717",2004-10-01,153.3,10,2004,1,2005
"718",2004-10-02,156.9,10,2004,2,2005
"719",2004-10-03,158.3,10,2004,3,2005
"720",2004-10-04,150.2,10,2004,4,2005
"721",2004-10-05,150.2,10,2004,5,2005
"722",2004-10-06,157.9,10,2004,6,2005
"723",2004-10-07,156.6,10,2004,7,2005
"724",2004-10-08,156.1,10,2004,8,2005
"725",2004-10-09,156.2,10,2004,9,2005
"726",2004-10-10,158,10,2004,10,2005
"727",2004-10-11,161.5,10,2004,11,2005
"728",2004-10-12,160.4,10,2004,12,2005
"729",2004-10-13,160.1,10,2004,13,2005
"730",2004-10-14,159,10,2004,14,2005
"731",2004-10-15,157.5,10,2004,15,2005
"732",2004-10-16,158.7,10,2004,16,2005
"733",2004-10-17,338.4,10,2004,17,2005
"734",2004-10-18,290.3,10,2004,18,2005
"735",2004-10-19,230.1,10,2004,19,2005
"736",2004-10-20,253.6,10,2004,20,2005
"737",2004-10-21,244.6,10,2004,21,2005
"738",2004-10-22,249.5,10,2004,22,2005
"739",2004-10-23,267.6,10,2004,23,2005
"740",2004-10-24,278.2,10,2004,24,2005
"741",2004-10-25,257.5,10,2004,25,2005
"742",2004-10-26,261.4,10,2004,26,2005
"743",2004-10-27,241.6,10,2004,27,2005
"744",2004-10-28,236.9,10,2004,28,2005
"745",2004-10-29,238.8,10,2004,29,2005
"746",2004-10-30,245.9,10,2004,30,2005
"747",2004-10-31,251.5,10,2004,31,2005
"748",2004-11-01,231.3,11,2004,1,2005
"749",2004-11-02,237.4,11,2004,2,2005
"750",2004-11-03,246.7,11,2004,3,2005
"751",2004-11-04,248.4,11,2004,4,2005
"752",2004-11-05,244.4,11,2004,5,2005
"753",2004-11-06,245.6,11,2004,6,2005
"754",2004-11-07,243.7,11,2004,7,2005
"755",2004-11-08,264.5,11,2004,8,2005
"756",2004-11-09,283.7,11,2004,9,2005
"757",2004-11-10,311.7,11,2004,10,2005
"758",2004-11-11,324.4,11,2004,11,2005
"759",2004-11-12,297.9,11,2004,12,2005
"760",2004-11-13,290.1,11,2004,13,2005
"761",2004-11-14,280.9,11,2004,14,2005
"762",2004-11-15,262.4,11,2004,15,2005
"763",2004-11-16,257.4,11,2004,16,2005
"764",2004-11-17,275.5,11,2004,17,2005
"765",2004-11-18,269.8,11,2004,18,2005
"766",2004-11-19,258.9,11,2004,19,2005
"767",2004-11-20,244.8,11,2004,20,2005
"768",2004-11-21,234.4,11,2004,21,2005
"769",2004-11-22,221.3,11,2004,22,2005
"770",2004-11-23,226.2,11,2004,23,2005
"771",2004-11-24,224.5,11,2004,24,2005
"772",2004-11-25,232,11,2004,25,2005
"773",2004-11-26,230.7,11,2004,26,2005
"774",2004-11-27,235,11,2004,27,2005
"775",2004-11-28,236,11,2004,28,2005
"776",2004-11-30,242.4,11,2004,30,2005
"777",2004-12-01,230.4,12,2004,1,2005
"778",2004-12-02,226.2,12,2004,2,2005
"779",2004-12-03,219.8,12,2004,3,2005
"780",2004-12-04,228.1,12,2004,4,2005
"781",2004-12-05,230.4,12,2004,5,2005
"782",2004-12-06,230.4,12,2004,6,2005
"783",2004-12-07,246.3,12,2004,7,2005
"784",2004-12-11,348.1,12,2004,11,2005
"785",2004-12-12,340.8,12,2004,12,2005
"786",2004-12-13,342.6,12,2004,13,2005
"787",2004-12-14,331.5,12,2004,14,2005
"788",2004-12-15,300,12,2004,15,2005
"789",2004-12-16,287.4,12,2004,16,2005
"790",2004-12-18,271.8,12,2004,18,2005
"791",2004-12-19,259.2,12,2004,19,2005
"792",2004-12-20,259.2,12,2004,20,2005
"793",2004-12-21,251.7,12,2004,21,2005
"794",2004-12-22,249.8,12,2004,22,2005
"795",2004-12-24,245.4,12,2004,24,2005
"796",2004-12-25,243.1,12,2004,25,2005
"797",2004-12-26,240,12,2004,26,2005
"798",2004-12-27,240.1,12,2004,27,2005
"799",2004-12-28,244.9,12,2004,28,2005
"800",2004-12-29,249.3,12,2004,29,2005
"801",2004-12-30,239.9,12,2004,30,2005
"802",2005-01-03,259,1,2005,3,2005
"803",2005-01-04,257.8,1,2005,4,2005
"804",2005-01-05,249.6,1,2005,5,2005
"805",2005-01-06,249.6,1,2005,6,2005
"806",2005-01-07,264.9,1,2005,7,2005
"807",2005-01-10,271,1,2005,10,2005
"808",2005-01-11,264,1,2005,11,2005
"809",2005-01-12,252.5,1,2005,12,2005
"810",2005-01-13,259.6,1,2005,13,2005
"811",2005-01-14,257.2,1,2005,14,2005
"812",2005-01-15,254.1,1,2005,15,2005
"813",2005-01-16,259.2,1,2005,16,2005
"814",2005-01-17,259.2,1,2005,17,2005
"815",2005-01-18,259.2,1,2005,18,2005
"816",2005-01-19,266.6,1,2005,19,2005
"817",2005-01-20,278.4,1,2005,20,2005
"818",2005-01-21,279.6,1,2005,21,2005
"819",2005-01-22,282,1,2005,22,2005
"820",2005-01-23,288.4,1,2005,23,2005
"821",2005-01-24,288,1,2005,24,2005
"822",2005-01-25,309.4,1,2005,25,2005
"823",2005-01-26,345.9,1,2005,26,2005
"824",2005-01-27,350.2,1,2005,27,2005
"825",2005-01-28,331.8,1,2005,28,2005
"826",2005-01-29,306.6,1,2005,29,2005
"827",2005-01-30,297.6,1,2005,30,2005
"828",2005-01-31,291.5,1,2005,31,2005
"829",2005-02-01,288,2,2005,1,2005
"830",2005-02-02,288,2,2005,2,2005
"831",2005-02-03,288,2,2005,3,2005
"832",2005-02-04,276,2,2005,4,2005
"833",2005-02-05,288,2,2005,5,2005
"834",2005-02-06,288,2,2005,6,2005
"835",2005-02-07,288,2,2005,7,2005
"836",2005-02-08,286.9,2,2005,8,2005
"837",2005-02-09,278.5,2,2005,9,2005
"838",2005-02-10,281,2,2005,10,2005
"839",2005-02-11,281.9,2,2005,11,2005
"840",2005-02-12,283.7,2,2005,12,2005
"841",2005-02-13,287.9,2,2005,13,2005
"842",2005-02-14,281,2,2005,14,2005
"843",2005-02-15,282.2,2,2005,15,2005
"844",2005-02-16,288,2,2005,16,2005
"845",2005-02-17,287.7,2,2005,17,2005
"846",2005-02-18,288,2,2005,18,2005
"847",2005-02-19,289.3,2,2005,19,2005
"848",2005-02-20,288.8,2,2005,20,2005
"849",2005-02-21,288,2,2005,21,2005
"850",2005-02-22,291.3,2,2005,22,2005
"851",2005-02-23,295.9,2,2005,23,2005
"852",2005-02-24,290.8,2,2005,24,2005
"853",2005-02-25,306,2,2005,25,2005
"854",2005-02-26,304,2,2005,26,2005
"855",2005-02-27,299.2,2,2005,27,2005
"856",2005-02-28,308.8,2,2005,28,2005
"857",2005-03-01,305.4,3,2005,1,2005
"858",2005-03-02,323,3,2005,2,2005
"859",2005-03-03,303.8,3,2005,3,2005
"860",2005-03-04,316.8,3,2005,4,2005
"861",2005-03-05,326.5,3,2005,5,2005
"862",2005-03-06,347.9,3,2005,6,2005
"863",2005-03-07,376.3,3,2005,7,2005
"864",2005-03-08,429.8,3,2005,8,2005
"865",2005-03-09,490.9,3,2005,9,2005
"866",2005-03-10,597.5,3,2005,10,2005
"867",2005-03-11,709.3,3,2005,11,2005
"868",2005-03-12,773.6,3,2005,12,2005
"869",2005-03-13,770.9,3,2005,13,2005
"870",2005-03-14,664.6,3,2005,14,2005
"871",2005-03-15,603.1,3,2005,15,2005
"872",2005-03-16,565.2,3,2005,16,2005
"873",2005-03-17,517,3,2005,17,2005
"874",2005-03-18,490.8,3,2005,18,2005
"875",2005-03-19,556.2,3,2005,19,2005
"876",2005-03-20,540.1,3,2005,20,2005
"877",2005-03-21,486,3,2005,21,2005
"878",2005-03-22,628.4,3,2005,22,2005
"879",2005-03-23,560.1,3,2005,23,2005
"880",2005-03-24,468.9,3,2005,24,2005
"881",2005-03-25,470.4,3,2005,25,2005
"882",2005-03-26,487.4,3,2005,26,2005
"883",2005-03-27,703.9,3,2005,27,2005
"884",2005-03-28,899.6,3,2005,28,2005
"885",2005-03-29,694.5,3,2005,29,2005
"886",2005-03-30,619.5,3,2005,30,2005
"887",2005-03-31,616.7,3,2005,31,2005
"888",2005-04-01,707.7,4,2005,1,2005
"889",2005-04-02,835.6,4,2005,2,2005
"890",2005-04-03,817.9,4,2005,3,2005
"891",2005-04-04,746.3,4,2005,4,2005
"892",2005-04-05,807.3,4,2005,5,2005
"893",2005-04-06,1109.8,4,2005,6,2005
"894",2005-04-07,1253,4,2005,7,2005
"895",2005-04-08,1039,4,2005,8,2005
"896",2005-04-09,920.8,4,2005,9,2005
"897",2005-04-10,877.7,4,2005,10,2005
"898",2005-04-11,1031.5,4,2005,11,2005
"899",2005-04-12,1189,4,2005,12,2005
"900",2005-04-13,1135,4,2005,13,2005
"901",2005-04-14,1046,4,2005,14,2005
"902",2005-04-15,1201,4,2005,15,2005
"903",2005-04-16,1635,4,2005,16,2005
"904",2005-04-17,2222,4,2005,17,2005
"905",2005-04-18,2007,4,2005,18,2005
"906",2005-04-19,1554,4,2005,19,2005
"907",2005-04-20,1487,4,2005,20,2005
"908",2005-04-21,1748,4,2005,21,2005
"909",2005-04-22,2107,4,2005,22,2005
"910",2005-04-23,2236,4,2005,23,2005
"911",2005-04-24,2092,4,2005,24,2005
"912",2005-04-25,2256,4,2005,25,2005
"913",2005-04-26,2640,4,2005,26,2005
"914",2005-04-27,3148,4,2005,27,2005
"915",2005-04-28,2777,4,2005,28,2005
"916",2005-04-29,2751,4,2005,29,2005
"917",2005-04-30,3042,4,2005,30,2005
"918",2005-05-01,3158,5,2005,1,2005
"919",2005-05-02,3188,5,2005,2,2005
"920",2005-05-03,3600,5,2005,3,2005
"921",2005-05-04,3802,5,2005,4,2005
"922",2005-05-05,4225,5,2005,5,2005
"923",2005-05-06,3791,5,2005,6,2005
"924",2005-05-07,3871,5,2005,7,2005
"925",2005-05-08,4436,5,2005,8,2005
"926",2005-05-09,5603,5,2005,9,2005
"927",2005-05-10,3760,5,2005,10,2005
"928",2005-05-11,3570,5,2005,11,2005
"929",2005-05-12,3867,5,2005,12,2005
"930",2005-05-13,4499,5,2005,13,2005
"931",2005-05-14,5276,5,2005,14,2005
"932",2005-05-15,6185,5,2005,15,2005
"933",2005-05-16,7742,5,2005,16,2005
"934",2005-05-17,5629,5,2005,17,2005
"935",2005-05-18,11358,5,2005,18,2005
"936",2005-05-19,17362,5,2005,19,2005
"937",2005-05-20,13017,5,2005,20,2005
"938",2005-05-21,9748,5,2005,21,2005
"939",2005-05-22,8896,5,2005,22,2005
"940",2005-05-23,8219,5,2005,23,2005
"941",2005-05-24,7512,5,2005,24,2005
"942",2005-05-25,7149,5,2005,25,2005
"943",2005-05-26,7031,5,2005,26,2005
"944",2005-05-27,6857,5,2005,27,2005
"945",2005-05-28,6510,5,2005,28,2005
"946",2005-05-29,5609,5,2005,29,2005
"947",2005-05-30,5082,5,2005,30,2005
"948",2005-05-31,4863,5,2005,31,2005
"949",2005-06-01,4728,6,2005,1,2005
"950",2005-06-02,4255,6,2005,2,2005
"951",2005-06-03,3849,6,2005,3,2005
"952",2005-06-04,3614,6,2005,4,2005
"953",2005-06-05,3358,6,2005,5,2005
"954",2005-06-06,3044,6,2005,6,2005
"955",2005-06-07,2804,6,2005,7,2005
"956",2005-06-08,2944,6,2005,8,2005
"957",2005-06-09,3010,6,2005,9,2005
"958",2005-06-10,2628,6,2005,10,2005
"959",2005-06-11,2486,6,2005,11,2005
"960",2005-06-12,2309,6,2005,12,2005
"961",2005-06-13,2177,6,2005,13,2005
"962",2005-06-14,2146,6,2005,14,2005
"963",2005-06-15,2067,6,2005,15,2005
"964",2005-06-16,2001,6,2005,16,2005
"965",2005-06-17,2254,6,2005,17,2005
"966",2005-06-18,1895,6,2005,18,2005
"967",2005-06-19,1696,6,2005,19,2005
"968",2005-06-20,1508,6,2005,20,2005
"969",2005-06-21,1428,6,2005,21,2005
"970",2005-06-22,1328,6,2005,22,2005
"971",2005-06-23,1287,6,2005,23,2005
"972",2005-06-24,1227,6,2005,24,2005
"973",2005-06-25,1199,6,2005,25,2005
"974",2005-06-26,1129,6,2005,26,2005
"975",2005-06-27,1102,6,2005,27,2005
"976",2005-06-28,1016,6,2005,28,2005
"977",2005-06-29,1007.1,6,2005,29,2005
"978",2005-06-30,945.8,6,2005,30,2005
"979",2005-07-01,929.8,7,2005,1,2005
"980",2005-07-02,891.4,7,2005,2,2005
"981",2005-07-03,834.8,7,2005,3,2005
"982",2005-07-04,785.2,7,2005,4,2005
"983",2005-07-05,760.9,7,2005,5,2005
"984",2005-07-06,732.2,7,2005,6,2005
"985",2005-07-07,666.2,7,2005,7,2005
"986",2005-07-08,666.8,7,2005,8,2005
"987",2005-07-09,654,7,2005,9,2005
"988",2005-07-10,616.7,7,2005,10,2005
"989",2005-07-11,583.5,7,2005,11,2005
"990",2005-07-12,541,7,2005,12,2005
"991",2005-07-13,512,7,2005,13,2005
"992",2005-07-14,492.2,7,2005,14,2005
"993",2005-07-15,469.2,7,2005,15,2005
"994",2005-07-16,446.4,7,2005,16,2005
"995",2005-07-17,428,7,2005,17,2005
"996",2005-07-18,412,7,2005,18,2005
"997",2005-07-19,398.1,7,2005,19,2005
"998",2005-07-20,380.5,7,2005,20,2005
"999",2005-07-21,384.4,7,2005,21,2005
"1000",2005-07-22,366.8,7,2005,22,2005
"1001",2005-07-23,349.4,7,2005,23,2005
"1002",2005-07-24,335.6,7,2005,24,2005
"1003",2005-07-25,329.4,7,2005,25,2005
"1004",2005-07-26,318.3,7,2005,26,2005
"1005",2005-07-27,309.5,7,2005,27,2005
"1006",2005-07-28,303.4,7,2005,28,2005
"1007",2005-07-29,301.9,7,2005,29,2005
"1008",2005-07-30,288.1,7,2005,30,2005
"1009",2005-07-31,280.4,7,2005,31,2005
"1010",2005-08-01,272.9,8,2005,1,2005
"1011",2005-08-02,269.9,8,2005,2,2005
"1012",2005-08-03,265.6,8,2005,3,2005
"1013",2005-08-04,259.8,8,2005,4,2005
"1014",2005-08-05,252.7,8,2005,5,2005
"1015",2005-08-06,250.3,8,2005,6,2005
"1016",2005-08-07,245.1,8,2005,7,2005
"1017",2005-08-08,244.7,8,2005,8,2005
"1018",2005-08-09,240.7,8,2005,9,2005
"1019",2005-08-10,233.8,8,2005,10,2005
"1020",2005-08-11,227.5,8,2005,11,2005
"1021",2005-08-12,225.1,8,2005,12,2005
"1022",2005-08-13,222.6,8,2005,13,2005
"1023",2005-08-14,222.3,8,2005,14,2005
"1024",2005-08-15,233.9,8,2005,15,2005
"1025",2005-08-16,245.9,8,2005,16,2005
"1026",2005-08-17,229.3,8,2005,17,2005
"1027",2005-08-18,221.5,8,2005,18,2005
"1028",2005-08-19,217,8,2005,19,2005
"1029",2005-08-20,212.7,8,2005,20,2005
"1030",2005-08-21,209.7,8,2005,21,2005
"1031",2005-08-22,206.8,8,2005,22,2005
"1032",2005-08-23,203.2,8,2005,23,2005
"1033",2005-08-24,199.7,8,2005,24,2005
"1034",2005-08-25,203.2,8,2005,25,2005
"1035",2005-08-26,186.8,8,2005,26,2005
"1036",2005-08-27,199.5,8,2005,27,2005
"1037",2005-08-28,197,8,2005,28,2005
"1038",2005-08-29,181.8,8,2005,29,2005
"1039",2005-08-30,192.3,8,2005,30,2005
"1040",2005-08-31,195.3,8,2005,31,2005
"1041",2005-09-01,192.3,9,2005,1,2005
"1042",2005-09-02,190.7,9,2005,2,2005
"1043",2005-09-03,189.4,9,2005,3,2005
"1044",2005-09-04,189.5,9,2005,4,2005
"1045",2005-09-05,190.4,9,2005,5,2005
"1046",2005-09-06,190.5,9,2005,6,2005
"1047",2005-09-07,190.1,9,2005,7,2005
"1048",2005-09-08,190.1,9,2005,8,2005
"1049",2005-09-09,195.9,9,2005,9,2005
"1050",2005-09-10,197.7,9,2005,10,2005
"1051",2005-09-11,204.6,9,2005,11,2005
"1052",2005-09-12,206,9,2005,12,2005
"1053",2005-09-13,203.2,9,2005,13,2005
"1054",2005-09-14,198.9,9,2005,14,2005
"1055",2005-09-15,196.6,9,2005,15,2005
"1056",2005-09-16,195.7,9,2005,16,2005
"1057",2005-09-17,196.3,9,2005,17,2005
"1058",2005-09-18,194.7,9,2005,18,2005
"1059",2005-09-19,196.6,9,2005,19,2005
"1060",2005-09-20,195.1,9,2005,20,2005
"1061",2005-09-21,193.7,9,2005,21,2005
"1062",2005-09-22,191.5,9,2005,22,2005
"1063",2005-09-23,189.4,9,2005,23,2005
"1064",2005-09-24,195.8,9,2005,24,2005
"1065",2005-09-25,197.4,9,2005,25,2005
"1066",2005-09-26,203.5,9,2005,26,2005
"1067",2005-09-27,249,9,2005,27,2005
"1068",2005-09-28,215.4,9,2005,28,2005
"1069",2005-09-29,203.1,9,2005,29,2005
"1070",2005-09-30,198.3,9,2005,30,2005
"1071",2005-10-01,195.4,10,2005,1,2006
"1072",2005-10-02,198,10,2005,2,2006
"1073",2005-10-03,199.2,10,2005,3,2006
"1074",2005-10-04,202.3,10,2005,4,2006
"1075",2005-10-05,204.5,10,2005,5,2006
"1076",2005-10-06,206,10,2005,6,2006
"1077",2005-10-07,204,10,2005,7,2006
"1078",2005-10-08,207.7,10,2005,8,2006
"1079",2005-10-09,196.9,10,2005,9,2006
"1080",2005-10-10,203,10,2005,10,2006
"1081",2005-10-11,202.6,10,2005,11,2006
"1082",2005-10-12,201.6,10,2005,12,2006
"1083",2005-10-13,201.4,10,2005,13,2006
"1084",2005-10-14,198.3,10,2005,14,2006
"1085",2005-10-15,224.4,10,2005,15,2006
"1086",2005-10-16,222.8,10,2005,16,2006
"1087",2005-10-17,213.4,10,2005,17,2006
"1088",2005-10-18,209.2,10,2005,18,2006
"1089",2005-10-19,206,10,2005,19,2006
"1090",2005-10-20,206,10,2005,20,2006
"1091",2005-10-21,204.6,10,2005,21,2006
"1092",2005-10-22,205,10,2005,22,2006
"1093",2005-10-23,202.1,10,2005,23,2006
"1094",2005-10-24,217.7,10,2005,24,2006
"1095",2005-10-25,277,10,2005,25,2006
"1096",2005-10-26,287,10,2005,26,2006
"1097",2005-10-27,313.2,10,2005,27,2006
"1098",2005-10-28,284.5,10,2005,28,2006
"1099",2005-10-29,400.5,10,2005,29,2006
"1100",2005-10-30,281.1,10,2005,30,2006
"1101",2005-10-31,246.3,10,2005,31,2006
"1102",2005-11-01,237.8,11,2005,1,2006
"1103",2005-11-02,248.2,11,2005,2,2006
"1104",2005-11-03,251.5,11,2005,3,2006
"1105",2005-11-04,310.4,11,2005,4,2006
"1106",2005-11-05,266.2,11,2005,5,2006
"1107",2005-11-06,249.9,11,2005,6,2006
"1108",2005-11-07,272.6,11,2005,7,2006
"1109",2005-11-08,405,11,2005,8,2006
"1110",2005-11-09,290.9,11,2005,9,2006
"1111",2005-11-10,265.7,11,2005,10,2006
"1112",2005-11-11,251.3,11,2005,11,2006
"1113",2005-11-12,248.2,11,2005,12,2006
"1114",2005-11-13,247.9,11,2005,13,2006
"1115",2005-11-14,244.7,11,2005,14,2006
"1116",2005-11-15,240,11,2005,15,2006
"1117",2005-11-16,239,11,2005,16,2006
"1118",2005-11-17,238.4,11,2005,17,2006
"1119",2005-11-18,234.8,11,2005,18,2006
"1120",2005-11-19,231.8,11,2005,19,2006
"1121",2005-11-20,236.2,11,2005,20,2006
"1122",2005-11-21,236.6,11,2005,21,2006
"1123",2005-11-22,235.1,11,2005,22,2006
"1124",2005-11-23,235.1,11,2005,23,2006
"1125",2005-11-24,237.3,11,2005,24,2006
"1126",2005-11-25,463.4,11,2005,25,2006
"1127",2005-11-26,343.2,11,2005,26,2006
"1128",2005-11-27,274.3,11,2005,27,2006
"1129",2005-11-28,260,11,2005,28,2006
"1130",2005-11-29,440.4,11,2005,29,2006
"1131",2005-11-30,386.4,11,2005,30,2006
"1132",2005-12-01,4230.6,12,2005,1,2006
"1133",2005-12-02,2442,12,2005,2,2006
"1134",2005-12-03,707.6,12,2005,3,2006
"1135",2005-12-07,349.6,12,2005,7,2006
"1136",2005-12-08,347.1,12,2005,8,2006
"1137",2005-12-09,337.6,12,2005,9,2006
"1138",2005-12-10,319.6,12,2005,10,2006
"1139",2005-12-11,299.3,12,2005,11,2006
"1140",2005-12-12,291.3,12,2005,12,2006
"1141",2005-12-13,283.9,12,2005,13,2006
"1142",2005-12-14,277.2,12,2005,14,2006
"1143",2005-12-15,269.9,12,2005,15,2006
"1144",2005-12-16,294.5,12,2005,16,2006
"1145",2005-12-17,266.5,12,2005,17,2006
"1146",2005-12-18,419.9,12,2005,18,2006
"1147",2005-12-19,1120,12,2005,19,2006
"1148",2005-12-20,820.1,12,2005,20,2006
"1149",2005-12-21,2697.8,12,2005,21,2006
"1150",2005-12-22,9273,12,2005,22,2006
"1151",2005-12-23,3527,12,2005,23,2006
"1152",2005-12-24,1876,12,2005,24,2006
"1153",2005-12-25,1677,12,2005,25,2006
"1154",2005-12-26,1176,12,2005,26,2006
"1155",2005-12-27,1532,12,2005,27,2006
"1156",2005-12-28,5261,12,2005,28,2006
"1157",2005-12-29,2690,12,2005,29,2006
"1158",2005-12-30,8142,12,2005,30,2006
"1159",2005-12-31,33705,12,2005,31,2006
"1160",2006-01-01,10165,1,2006,1,2006
"1161",2006-01-02,7369,1,2006,2,2006
"1162",2006-01-03,4616,1,2006,3,2006
"1163",2006-01-04,3667,1,2006,4,2006
"1164",2006-01-05,3232,1,2006,5,2006
"1165",2006-01-06,2903,1,2006,6,2006
"1166",2006-01-07,2554,1,2006,7,2006
"1167",2006-01-08,2256,1,2006,8,2006
"1168",2006-01-09,1997,1,2006,9,2006
"1169",2006-01-10,1813,1,2006,10,2006
"1170",2006-01-12,1729,1,2006,12,2006
"1171",2006-01-13,1581,1,2006,13,2006
"1172",2006-01-14,1518,1,2006,14,2006
"1173",2006-01-17,1196,1,2006,17,2006
"1174",2006-01-21,841.5,1,2006,21,2006
"1175",2006-01-22,775.9,1,2006,22,2006
"1176",2006-01-26,500,1,2006,26,2006
"1177",2006-01-27,499.2,1,2006,27,2006
"1178",2006-01-28,508.6,1,2006,28,2006
"1179",2006-01-29,530.6,1,2006,29,2006
"1180",2006-01-30,709.8,1,2006,30,2006
"1181",2006-01-31,828.1,1,2006,31,2006
"1182",2006-02-01,899.7,2,2006,1,2006
"1183",2006-02-02,1533,2,2006,2,2006
"1184",2006-02-03,1274,2,2006,3,2006
"1185",2006-02-07,960,2,2006,7,2006
"1186",2006-02-10,916.2,2,2006,10,2006
"1187",2006-02-11,890.4,2,2006,11,2006
"1188",2006-02-12,887.3,2,2006,12,2006
"1189",2006-02-13,893.3,2,2006,13,2006
"1190",2006-02-14,895.2,2,2006,14,2006
"1191",2006-02-17,796.8,2,2006,17,2006
"1192",2006-02-18,778.6,2,2006,18,2006
"1193",2006-02-19,772.8,2,2006,19,2006
"1194",2006-02-20,674.5,2,2006,20,2006
"1195",2006-02-21,552,2,2006,21,2006
"1196",2006-02-22,537.6,2,2006,22,2006
"1197",2006-02-23,537.6,2,2006,23,2006
"1198",2006-02-24,537.6,2,2006,24,2006
"1199",2006-02-25,537.6,2,2006,25,2006
"1200",2006-02-26,538.6,2,2006,26,2006
"1201",2006-02-28,9412,2,2006,28,2006
"1202",2006-03-01,4727,3,2006,1,2006
"1203",2006-03-02,3506,3,2006,2,2006
"1204",2006-03-03,2868,3,2006,3,2006
"1205",2006-03-04,2572,3,2006,4,2006
"1206",2006-03-05,2393,3,2006,5,2006
"1207",2006-03-06,2221,3,2006,6,2006
"1208",2006-03-07,1943,3,2006,7,2006
"1209",2006-03-08,1888,3,2006,8,2006
"1210",2006-03-09,1800,3,2006,9,2006
"1211",2006-03-10,1730,3,2006,10,2006
"1212",2006-03-11,1594,3,2006,11,2006
"1213",2006-03-12,1405,3,2006,12,2006
"1214",2006-03-13,1248,3,2006,13,2006
"1215",2006-03-14,1172,3,2006,14,2006
"1216",2006-03-15,1152,3,2006,15,2006
"1217",2006-03-16,1108,3,2006,16,2006
"1218",2006-03-17,1012,3,2006,17,2006
"1219",2006-03-18,1091,3,2006,18,2006
"1220",2006-03-19,1080,3,2006,19,2006
"1221",2006-03-20,1056,3,2006,20,2006
"1222",2006-03-21,1056,3,2006,21,2006
"1223",2006-03-22,1056,3,2006,22,2006
"1224",2006-03-23,1045,3,2006,23,2006
"1225",2006-03-24,1148,3,2006,24,2006
"1226",2006-03-25,1691,3,2006,25,2006
"1227",2006-03-26,1407,3,2006,26,2006
"1228",2006-03-27,1428,3,2006,27,2006
"1229",2006-03-28,1373,3,2006,28,2006
"1230",2006-03-29,1239,3,2006,29,2006
"1231",2006-03-30,1191,3,2006,30,2006
"1232",2006-03-31,1113,3,2006,31,2006
"1233",2006-04-01,1121,4,2006,1,2006
"1234",2006-04-02,1024,4,2006,2,2006
"1235",2006-04-03,3027,4,2006,3,2006
"1236",2006-04-04,2712,4,2006,4,2006
"1237",2006-04-05,2167,4,2006,5,2006
"1238",2006-04-06,1980,4,2006,6,2006
"1239",2006-04-07,2073,4,2006,7,2006
"1240",2006-04-08,2111,4,2006,8,2006
"1241",2006-04-09,1892,4,2006,9,2006
"1242",2006-04-10,1833,4,2006,10,2006
"1243",2006-04-11,1707,4,2006,11,2006
"1244",2006-04-12,2368,4,2006,12,2006
"1245",2006-04-13,2709,4,2006,13,2006
"1246",2006-04-14,3320,4,2006,14,2006
"1247",2006-04-15,3510,4,2006,15,2006
"1248",2006-04-16,2732,4,2006,16,2006
"1249",2006-04-17,2630,4,2006,17,2006
"1250",2006-04-18,2507,4,2006,18,2006
"1251",2006-04-19,2545,4,2006,19,2006
"1252",2006-04-20,2964,4,2006,20,2006
"1253",2006-04-21,3438,4,2006,21,2006
"1254",2006-04-22,3957,4,2006,22,2006
"1255",2006-04-23,4572,4,2006,23,2006
"1256",2006-04-24,5855,4,2006,24,2006
"1257",2006-04-25,5827,4,2006,25,2006
"1258",2006-04-26,7601,4,2006,26,2006
"1259",2006-04-27,8282,4,2006,27,2006
"1260",2006-04-28,9404,4,2006,28,2006
"1261",2006-04-29,10804,4,2006,29,2006
"1262",2006-04-30,11721,4,2006,30,2006
"1263",2006-05-01,11701,5,2006,1,2006
"1264",2006-05-02,11393,5,2006,2,2006
"1265",2006-05-03,10664,5,2006,3,2006
"1266",2006-05-04,10182,5,2006,4,2006
"1267",2006-05-05,10006,5,2006,5,2006
"1268",2006-05-06,9892,5,2006,6,2006
"1269",2006-05-07,9929,5,2006,7,2006
"1270",2006-05-08,10383,5,2006,8,2006
"1271",2006-05-09,10090,5,2006,9,2006
"1272",2006-05-10,9574,5,2006,10,2006
"1273",2006-05-11,10143,5,2006,11,2006
"1274",2006-05-12,10422,5,2006,12,2006
"1275",2006-05-13,10665,5,2006,13,2006
"1276",2006-05-14,10359,5,2006,14,2006
"1277",2006-05-15,10266,5,2006,15,2006
"1278",2006-05-16,10523,5,2006,16,2006
"1279",2006-05-17,10557,5,2006,17,2006
"1280",2006-05-18,11200,5,2006,18,2006
"1281",2006-05-19,10220,5,2006,19,2006
"1282",2006-05-20,10636,5,2006,20,2006
"1283",2006-05-21,9853,5,2006,21,2006
"1284",2006-05-22,8859,5,2006,22,2006
"1285",2006-05-23,7495,5,2006,23,2006
"1286",2006-05-24,7029,5,2006,24,2006
"1287",2006-05-25,6427,5,2006,25,2006
"1288",2006-05-26,5793,5,2006,26,2006
"1289",2006-05-27,5795,5,2006,27,2006
"1290",2006-05-28,4942,5,2006,28,2006
"1291",2006-05-29,4515,5,2006,29,2006
"1292",2006-05-30,4185,5,2006,30,2006
"1293",2006-05-31,4025,5,2006,31,2006
"1294",2006-06-01,3914,6,2006,1,2006
"1295",2006-06-02,3858,6,2006,2,2006
"1296",2006-06-03,3836,6,2006,3,2006
"1297",2006-06-04,3871,6,2006,4,2006
"1298",2006-06-05,3827,6,2006,5,2006
"1299",2006-06-06,3738,6,2006,6,2006
"1300",2006-06-07,3654,6,2006,7,2006
"1301",2006-06-08,3487,6,2006,8,2006
"1302",2006-06-09,3301,6,2006,9,2006
"1303",2006-06-10,3127,6,2006,10,2006
"1304",2006-06-11,2966,6,2006,11,2006
"1305",2006-06-12,2891,6,2006,12,2006
"1306",2006-06-13,2772,6,2006,13,2006
"1307",2006-06-14,2586,6,2006,14,2006
"1308",2006-06-15,2437,6,2006,15,2006
"1309",2006-06-16,2317,6,2006,16,2006
"1310",2006-06-17,2248,6,2006,17,2006
"1311",2006-06-18,2172,6,2006,18,2006
"1312",2006-06-19,2089,6,2006,19,2006
"1313",2006-06-20,1981,6,2006,20,2006
"1314",2006-06-21,1847,6,2006,21,2006
"1315",2006-06-22,1762,6,2006,22,2006
"1316",2006-06-23,1632,6,2006,23,2006
"1317",2006-06-24,1669,6,2006,24,2006
"1318",2006-06-25,1609,6,2006,25,2006
"1319",2006-06-26,1600,6,2006,26,2006
"1320",2006-06-27,1672,6,2006,27,2006
"1321",2006-06-28,1762,6,2006,28,2006
"1322",2006-06-29,1533,6,2006,29,2006
"1323",2006-06-30,1371,6,2006,30,2006
"1324",2006-07-01,1282,7,2006,1,2006
"1325",2006-07-02,1175,7,2006,2,2006
"1326",2006-07-03,1106,7,2006,3,2006
"1327",2006-07-04,1022.3,7,2006,4,2006
"1328",2006-07-05,991.1,7,2006,5,2006
"1329",2006-07-06,927.8,7,2006,6,2006
"1330",2006-07-07,889.1,7,2006,7,2006
"1331",2006-07-08,883.5,7,2006,8,2006
"1332",2006-07-09,846.3,7,2006,9,2006
"1333",2006-07-10,795.2,7,2006,10,2006
"1334",2006-07-11,748,7,2006,11,2006
"1335",2006-07-12,703.3,7,2006,12,2006
"1336",2006-07-13,678.6,7,2006,13,2006
"1337",2006-07-14,647.7,7,2006,14,2006
"1338",2006-07-15,619.5,7,2006,15,2006
"1339",2006-07-16,595.6,7,2006,16,2006
"1340",2006-07-17,575.6,7,2006,17,2006
"1341",2006-07-18,552.7,7,2006,18,2006
"1342",2006-07-19,542.2,7,2006,19,2006
"1343",2006-07-20,526.4,7,2006,20,2006
"1344",2006-07-21,539.2,7,2006,21,2006
"1345",2006-07-22,516.3,7,2006,22,2006
"1346",2006-07-23,492,7,2006,23,2006
"1347",2006-07-24,470.2,7,2006,24,2006
"1348",2006-07-25,449.5,7,2006,25,2006
"1349",2006-07-26,434.9,7,2006,26,2006
"1350",2006-07-27,416,7,2006,27,2006
"1351",2006-07-28,405.1,7,2006,28,2006
"1352",2006-07-29,396.2,7,2006,29,2006
"1353",2006-07-30,388.1,7,2006,30,2006
"1354",2006-07-31,386.3,7,2006,31,2006
"1355",2006-08-01,388,8,2006,1,2006
"1356",2006-08-02,380.9,8,2006,2,2006
"1357",2006-08-03,368.9,8,2006,3,2006
"1358",2006-08-04,358.3,8,2006,4,2006
"1359",2006-08-05,352.4,8,2006,5,2006
"1360",2006-08-06,348.3,8,2006,6,2006
"1361",2006-08-07,344.7,8,2006,7,2006
"1362",2006-08-08,330.2,8,2006,8,2006
"1363",2006-08-09,328.1,8,2006,9,2006
"1364",2006-08-10,316.7,8,2006,10,2006
"1365",2006-08-11,311.2,8,2006,11,2006
"1366",2006-08-12,309.3,8,2006,12,2006
"1367",2006-08-13,307.7,8,2006,13,2006
"1368",2006-08-14,300.5,8,2006,14,2006
"1369",2006-08-15,298.3,8,2006,15,2006
"1370",2006-08-16,293.5,8,2006,16,2006
"1371",2006-08-17,293,8,2006,17,2006
"1372",2006-08-18,287,8,2006,18,2006
"1373",2006-08-19,283.6,8,2006,19,2006
"1374",2006-08-20,280.4,8,2006,20,2006
"1375",2006-08-21,270.7,8,2006,21,2006
"1376",2006-08-22,267.1,8,2006,22,2006
"1377",2006-08-23,261.8,8,2006,23,2006
"1378",2006-08-24,259.8,8,2006,24,2006
"1379",2006-08-25,263.3,8,2006,25,2006
"1380",2006-08-26,262.8,8,2006,26,2006
"1381",2006-08-27,259.3,8,2006,27,2006
"1382",2006-08-28,253.6,8,2006,28,2006
"1383",2006-08-29,249,8,2006,29,2006
"1384",2006-08-30,248.4,8,2006,30,2006
"1385",2006-08-31,250.3,8,2006,31,2006
"1386",2006-09-01,244.4,9,2006,1,2006
"1387",2006-09-02,245.3,9,2006,2,2006
"1388",2006-09-03,243.6,9,2006,3,2006
"1389",2006-09-04,239.9,9,2006,4,2006
"1390",2006-09-05,226.8,9,2006,5,2006
"1391",2006-09-06,226.1,9,2006,6,2006
"1392",2006-09-07,236.8,9,2006,7,2006
"1393",2006-09-08,235.3,9,2006,8,2006
"1394",2006-09-09,237.3,9,2006,9,2006
"1395",2006-09-10,237.9,9,2006,10,2006
"1396",2006-09-11,236.4,9,2006,11,2006
"1397",2006-09-12,231.9,9,2006,12,2006
"1398",2006-09-13,235.1,9,2006,13,2006
"1399",2006-09-14,238.3,9,2006,14,2006
"1400",2006-09-15,249.6,9,2006,15,2006
"1401",2006-09-16,262.1,9,2006,16,2006
"1402",2006-09-17,256.6,9,2006,17,2006
"1403",2006-09-18,250.8,9,2006,18,2006
"1404",2006-09-19,244.8,9,2006,19,2006
"1405",2006-09-20,248.6,9,2006,20,2006
"1406",2006-09-21,254.2,9,2006,21,2006
"1407",2006-09-22,250.7,9,2006,22,2006
"1408",2006-09-23,253.8,9,2006,23,2006
"1409",2006-09-24,234.3,9,2006,24,2006
"1410",2006-09-25,231.5,9,2006,25,2006
"1411",2006-09-26,236.7,9,2006,26,2006
"1412",2006-09-27,245,9,2006,27,2006
"1413",2006-09-28,241.1,9,2006,28,2006
"1414",2006-09-29,229.8,9,2006,29,2006
"1415",2006-09-30,238.4,9,2006,30,2006
"1416",2006-10-01,235.8,10,2006,1,2007
"1417",2006-10-02,261,10,2006,2,2007
"1418",2006-10-03,260,10,2006,3,2007
"1419",2006-10-04,254.9,10,2006,4,2007
"1420",2006-10-05,289.1,10,2006,5,2007
"1421",2006-10-06,293.7,10,2006,6,2007
"1422",2006-10-07,299,10,2006,7,2007
"1423",2006-10-08,275.4,10,2006,8,2007
"1424",2006-10-09,270.3,10,2006,9,2007
"1425",2006-10-10,271,10,2006,10,2007
"1426",2006-10-11,272.5,10,2006,11,2007
"1427",2006-10-12,267.8,10,2006,12,2007
"1428",2006-10-13,262.6,10,2006,13,2007
"1429",2006-10-14,259.4,10,2006,14,2007
"1430",2006-10-15,258.7,10,2006,15,2007
"1431",2006-10-16,258.1,10,2006,16,2007
"1432",2006-10-17,272,10,2006,17,2007
"1433",2006-10-18,271.8,10,2006,18,2007
"1434",2006-10-19,270,10,2006,19,2007
"1435",2006-10-20,268,10,2006,20,2007
"1436",2006-10-21,262.6,10,2006,21,2007
"1437",2006-10-22,263.6,10,2006,22,2007
"1438",2006-10-23,263,10,2006,23,2007
"1439",2006-10-24,262,10,2006,24,2007
"1440",2006-10-25,259.2,10,2006,25,2007
"1441",2006-10-26,263.1,10,2006,26,2007
"1442",2006-10-27,266.7,10,2006,27,2007
"1443",2006-10-28,266,10,2006,28,2007
"1444",2006-10-29,274.8,10,2006,29,2007
"1445",2006-10-30,264.2,10,2006,30,2007
"1446",2006-10-31,264.9,10,2006,31,2007
"1447",2006-11-01,271.4,11,2006,1,2007
"1448",2006-11-02,404.7,11,2006,2,2007
"1449",2006-11-03,423.5,11,2006,3,2007
"1450",2006-11-04,327.5,11,2006,4,2007
"1451",2006-11-05,299,11,2006,5,2007
"1452",2006-11-06,289.2,11,2006,6,2007
"1453",2006-11-07,285.7,11,2006,7,2007
"1454",2006-11-08,380.3,11,2006,8,2007
"1455",2006-11-09,328.4,11,2006,9,2007
"1456",2006-11-10,296.2,11,2006,10,2007
"1457",2006-11-11,319.2,11,2006,11,2007
"1458",2006-11-12,313.6,11,2006,12,2007
"1459",2006-11-13,597.2,11,2006,13,2007
"1460",2006-11-14,812.2,11,2006,14,2007
"1461",2006-11-15,430.2,11,2006,15,2007
"1462",2006-11-16,384.9,11,2006,16,2007
"1463",2006-11-17,362.6,11,2006,17,2007
"1464",2006-11-18,342,11,2006,18,2007
"1465",2006-11-19,329.4,11,2006,19,2007
"1466",2006-11-20,313.4,11,2006,20,2007
"1467",2006-11-21,402.2,11,2006,21,2007
"1468",2006-11-22,394.6,11,2006,22,2007
"1469",2006-11-23,348.6,11,2006,23,2007
"1470",2006-11-24,299.3,11,2006,24,2007
"1471",2006-11-25,294.7,11,2006,25,2007
"1472",2006-11-26,320.4,11,2006,26,2007
"1473",2006-11-27,330.6,11,2006,27,2007
"1474",2006-11-28,307.8,11,2006,28,2007
"1475",2006-11-30,321.5,11,2006,30,2007
"1476",2006-12-01,327,12,2006,1,2007
"1477",2006-12-04,313.2,12,2006,4,2007
"1478",2006-12-05,316.8,12,2006,5,2007
"1479",2006-12-06,316.8,12,2006,6,2007
"1480",2006-12-07,316.8,12,2006,7,2007
"1481",2006-12-08,322.8,12,2006,8,2007
"1482",2006-12-09,392,12,2006,9,2007
"1483",2006-12-10,370.1,12,2006,10,2007
"1484",2006-12-11,342,12,2006,11,2007
"1485",2006-12-12,413.5,12,2006,12,2007
"1486",2006-12-13,496.1,12,2006,13,2007
"1487",2006-12-14,535,12,2006,14,2007
"1488",2006-12-15,578,12,2006,15,2007
"1489",2006-12-16,428.1,12,2006,16,2007
"1490",2006-12-17,391.8,12,2006,17,2007
"1491",2006-12-21,355.2,12,2006,21,2007
"1492",2006-12-22,349.8,12,2006,22,2007
"1493",2006-12-23,345.6,12,2006,23,2007
"1494",2006-12-24,340.5,12,2006,24,2007
"1495",2006-12-25,336,12,2006,25,2007
"1496",2006-12-26,333.7,12,2006,26,2007
"1497",2006-12-27,358.2,12,2006,27,2007
"1498",2006-12-28,341.6,12,2006,28,2007
"1499",2006-12-30,336,12,2006,30,2007
"1500",2006-12-31,336,12,2006,31,2007
"1501",2007-01-01,329,1,2007,1,2007
"1502",2007-01-02,322.2,1,2007,2,2007
"1503",2007-01-03,343.5,1,2007,3,2007
"1504",2007-01-04,743.5,1,2007,4,2007
"1505",2007-01-10,364.8,1,2007,10,2007
"1506",2007-01-11,365.6,1,2007,11,2007
"1507",2007-02-06,313.4,2,2007,6,2007
"1508",2007-02-07,317.4,2,2007,7,2007
"1509",2007-02-08,379,2,2007,8,2007
"1510",2007-02-09,869,2,2007,9,2007
"1511",2007-02-10,1263.6,2,2007,10,2007
"1512",2007-02-11,1111.9,2,2007,11,2007
"1513",2007-02-12,639.2,2,2007,12,2007
"1514",2007-02-13,537.4,2,2007,13,2007
"1515",2007-02-14,509.7,2,2007,14,2007
"1516",2007-02-15,457.7,2,2007,15,2007
"1517",2007-02-16,465.4,2,2007,16,2007
"1518",2007-02-17,480.5,2,2007,17,2007
"1519",2007-02-18,487.3,2,2007,18,2007
"1520",2007-02-19,472.5,2,2007,19,2007
"1521",2007-02-20,443.6,2,2007,20,2007
"1522",2007-02-21,428.8,2,2007,21,2007
"1523",2007-02-22,412.5,2,2007,22,2007
"1524",2007-02-23,413.6,2,2007,23,2007
"1525",2007-02-24,394.7,2,2007,24,2007
"1526",2007-02-25,389.3,2,2007,25,2007
"1527",2007-03-01,384.3,3,2007,1,2007
"1528",2007-03-02,368.2,3,2007,2,2007
"1529",2007-03-03,371.6,3,2007,3,2007
"1530",2007-03-04,375.9,3,2007,4,2007
"1531",2007-03-05,389.9,3,2007,5,2007
"1532",2007-03-06,413.3,3,2007,6,2007
"1533",2007-03-07,448.4,3,2007,7,2007
"1534",2007-03-08,465.8,3,2007,8,2007
"1535",2007-03-09,462.8,3,2007,9,2007
"1536",2007-03-10,476,3,2007,10,2007
"1537",2007-03-11,515.1,3,2007,11,2007
"1538",2007-03-12,644.8,3,2007,12,2007
"1539",2007-03-13,731.9,3,2007,13,2007
"1540",2007-03-14,848.6,3,2007,14,2007
"1541",2007-03-15,904,3,2007,15,2007
"1542",2007-03-16,1009.6,3,2007,16,2007
"1543",2007-03-17,1135.8,3,2007,17,2007
"1544",2007-03-18,1177,3,2007,18,2007
"1545",2007-03-19,1174,3,2007,19,2007
"1546",2007-03-20,1122,3,2007,20,2007
"1547",2007-03-21,1021,3,2007,21,2007
"1548",2007-03-22,929.5,3,2007,22,2007
"1549",2007-03-23,990.9,3,2007,23,2007
"1550",2007-03-24,1123.2,3,2007,24,2007
"1551",2007-03-25,1260,3,2007,25,2007
"1552",2007-03-26,1218,3,2007,26,2007
"1553",2007-03-27,1030.1,3,2007,27,2007
"1554",2007-03-28,892.2,3,2007,28,2007
"1555",2007-03-29,862.7,3,2007,29,2007
"1556",2007-03-30,909.7,3,2007,30,2007
"1557",2007-03-31,1031.7,3,2007,31,2007
"1558",2007-04-01,1216,4,2007,1,2007
"1559",2007-04-02,1238,4,2007,2,2007
"1560",2007-04-03,1270,4,2007,3,2007
"1561",2007-04-04,1555,4,2007,4,2007
"1562",2007-04-05,1471,4,2007,5,2007
"1563",2007-04-06,1598,4,2007,6,2007
"1564",2007-04-07,1737,4,2007,7,2007
"1565",2007-04-08,1677,4,2007,8,2007
"1566",2007-04-09,1690,4,2007,9,2007
"1567",2007-04-10,1460,4,2007,10,2007
"1568",2007-04-11,1341,4,2007,11,2007
"1569",2007-04-12,1211,4,2007,12,2007
"1570",2007-04-13,1113,4,2007,13,2007
"1571",2007-04-14,1115,4,2007,14,2007
"1572",2007-04-15,995,4,2007,15,2007
"1573",2007-04-16,988.3,4,2007,16,2007
"1574",2007-04-17,1035.9,4,2007,17,2007
"1575",2007-04-18,1021.9,4,2007,18,2007
"1576",2007-04-19,928.9,4,2007,19,2007
"1577",2007-04-20,911.4,4,2007,20,2007
"1578",2007-04-21,879.8,4,2007,21,2007
"1579",2007-04-22,921.3,4,2007,22,2007
"1580",2007-04-23,1086.9,4,2007,23,2007
"1581",2007-04-24,1073.6,4,2007,24,2007
"1582",2007-04-25,1113,4,2007,25,2007
"1583",2007-04-26,1167,4,2007,26,2007
"1584",2007-04-27,1285,4,2007,27,2007
"1585",2007-04-28,1464,4,2007,28,2007
"1586",2007-04-29,1563,4,2007,29,2007
"1587",2007-04-30,1566,4,2007,30,2007
"1588",2007-05-01,1455,5,2007,1,2007
"1589",2007-05-02,1583,5,2007,2,2007
"1590",2007-05-03,1385,5,2007,3,2007
"1591",2007-05-04,1269,5,2007,4,2007
"1592",2007-05-05,1102,5,2007,5,2007
"1593",2007-05-06,1066,5,2007,6,2007
"1594",2007-05-07,1103,5,2007,7,2007
"1595",2007-05-08,1137,5,2007,8,2007
"1596",2007-05-09,1134,5,2007,9,2007
"1597",2007-05-10,1089,5,2007,10,2007
"1598",2007-05-11,1049.5,5,2007,11,2007
"1599",2007-05-12,1004.2,5,2007,12,2007
"1600",2007-05-13,937.5,5,2007,13,2007
"1601",2007-05-14,886.5,5,2007,14,2007
"1602",2007-05-15,833.3,5,2007,15,2007
"1603",2007-05-16,815.6,5,2007,16,2007
"1604",2007-05-17,775.3,5,2007,17,2007
"1605",2007-05-18,737.6,5,2007,18,2007
"1606",2007-05-19,715,5,2007,19,2007
"1607",2007-05-20,699.8,5,2007,20,2007
"1608",2007-05-21,673.8,5,2007,21,2007
"1609",2007-05-22,629.2,5,2007,22,2007
"1610",2007-05-23,588.4,5,2007,23,2007
"1611",2007-05-24,573.2,5,2007,24,2007
"1612",2007-05-25,550,5,2007,25,2007
"1613",2007-05-26,544.2,5,2007,26,2007
"1614",2007-05-27,531.2,5,2007,27,2007
"1615",2007-05-28,506.2,5,2007,28,2007
"1616",2007-05-29,483.6,5,2007,29,2007
"1617",2007-05-30,475.7,5,2007,30,2007
"1618",2007-05-31,482.2,5,2007,31,2007
"1619",2007-06-01,471.2,6,2007,1,2007
"1620",2007-06-02,449.8,6,2007,2,2007
"1621",2007-06-03,415.8,6,2007,3,2007
"1622",2007-06-04,392.3,6,2007,4,2007
"1623",2007-06-05,402,6,2007,5,2007
"1624",2007-06-06,443.4,6,2007,6,2007
"1625",2007-06-07,409.7,6,2007,7,2007
"1626",2007-06-08,380.9,6,2007,8,2007
"1627",2007-06-09,363.8,6,2007,9,2007
"1628",2007-06-10,345.3,6,2007,10,2007
"1629",2007-06-11,329.3,6,2007,11,2007
"1630",2007-06-12,313.9,6,2007,12,2007
"1631",2007-06-13,297.7,6,2007,13,2007
"1632",2007-06-14,286.2,6,2007,14,2007
"1633",2007-06-15,274.5,6,2007,15,2007
"1634",2007-06-16,267.2,6,2007,16,2007
"1635",2007-06-17,263.7,6,2007,17,2007
"1636",2007-06-18,254,6,2007,18,2007
"1637",2007-06-19,246.4,6,2007,19,2007
"1638",2007-06-20,239.3,6,2007,20,2007
"1639",2007-06-21,232.4,6,2007,21,2007
"1640",2007-06-22,227.7,6,2007,22,2007
"1641",2007-06-23,224.6,6,2007,23,2007
"1642",2007-06-24,223,6,2007,24,2007
"1643",2007-06-25,220.3,6,2007,25,2007
"1644",2007-06-26,216.9,6,2007,26,2007
"1645",2007-06-27,211,6,2007,27,2007
"1646",2007-06-28,207.1,6,2007,28,2007
"1647",2007-06-29,205,6,2007,29,2007
"1648",2007-06-30,202.2,6,2007,30,2007
"1649",2007-07-01,193,7,2007,1,2007
"1650",2007-07-02,191.3,7,2007,2,2007
"1651",2007-07-03,188.2,7,2007,3,2007
"1652",2007-07-04,186.7,7,2007,4,2007
"1653",2007-07-05,178.4,7,2007,5,2007
"1654",2007-07-06,175.5,7,2007,6,2007
"1655",2007-07-07,175.2,7,2007,7,2007
"1656",2007-07-08,177.7,7,2007,8,2007
"1657",2007-07-09,174.2,7,2007,9,2007
"1658",2007-07-10,189.8,7,2007,10,2007
"1659",2007-07-11,197.7,7,2007,11,2007
"1660",2007-07-12,183.6,7,2007,12,2007
"1661",2007-07-13,176.7,7,2007,13,2007
"1662",2007-07-14,173.1,7,2007,14,2007
"1663",2007-07-15,168.6,7,2007,15,2007
"1664",2007-07-16,167.2,7,2007,16,2007
"1665",2007-07-17,167.5,7,2007,17,2007
"1666",2007-07-18,173.4,7,2007,18,2007
"1667",2007-07-19,175,7,2007,19,2007
"1668",2007-07-20,167.3,7,2007,20,2007
"1669",2007-07-21,164.5,7,2007,21,2007
"1670",2007-07-22,163.6,7,2007,22,2007
"1671",2007-07-23,161.5,7,2007,23,2007
"1672",2007-07-24,162.7,7,2007,24,2007
"1673",2007-07-25,160.4,7,2007,25,2007
"1674",2007-07-26,156.6,7,2007,26,2007
"1675",2007-07-27,155.1,7,2007,27,2007
"1676",2007-07-28,160.1,7,2007,28,2007
"1677",2007-07-29,160.8,7,2007,29,2007
"1678",2007-07-30,159.6,7,2007,30,2007
"1679",2007-07-31,159.3,7,2007,31,2007
"1680",2007-08-01,154.1,8,2007,1,2007
"1681",2007-08-02,159.7,8,2007,2,2007
"1682",2007-08-03,156.5,8,2007,3,2007
"1683",2007-08-04,154.9,8,2007,4,2007
"1684",2007-08-05,156.4,8,2007,5,2007
"1685",2007-08-06,158.8,8,2007,6,2007
"1686",2007-08-07,159.8,8,2007,7,2007
"1687",2007-08-08,160.9,8,2007,8,2007
"1688",2007-08-09,158.2,8,2007,9,2007
"1689",2007-08-10,155.9,8,2007,10,2007
"1690",2007-08-11,155.1,8,2007,11,2007
"1691",2007-08-12,154.2,8,2007,12,2007
"1692",2007-08-13,152.6,8,2007,13,2007
"1693",2007-08-14,151.4,8,2007,14,2007
"1694",2007-08-15,151,8,2007,15,2007
"1695",2007-08-16,149.6,8,2007,16,2007
"1696",2007-08-17,150.2,8,2007,17,2007
"1697",2007-08-18,150.1,8,2007,18,2007
"1698",2007-08-19,151.1,8,2007,19,2007
"1699",2007-08-20,152.2,8,2007,20,2007
"1700",2007-08-21,152,8,2007,21,2007
"1701",2007-08-22,152,8,2007,22,2007
"1702",2007-08-23,152.6,8,2007,23,2007
"1703",2007-08-24,152.2,8,2007,24,2007
"1704",2007-08-25,149,8,2007,25,2007
"1705",2007-08-26,148.8,8,2007,26,2007
"1706",2007-08-27,149.7,8,2007,27,2007
"1707",2007-08-28,160.6,8,2007,28,2007
"1708",2007-08-29,168.6,8,2007,29,2007
"1709",2007-08-30,163.1,8,2007,30,2007
"1710",2007-08-31,165.3,8,2007,31,2007
"1711",2007-09-01,162.7,9,2007,1,2007
"1712",2007-09-02,155.9,9,2007,2,2007
"1713",2007-09-03,153.1,9,2007,3,2007
"1714",2007-09-04,151.1,9,2007,4,2007
"1715",2007-09-05,155.8,9,2007,5,2007
"1716",2007-09-06,157.3,9,2007,6,2007
"1717",2007-09-07,154.5,9,2007,7,2007
"1718",2007-09-08,153.3,9,2007,8,2007
"1719",2007-09-09,153.7,9,2007,9,2007
"1720",2007-09-10,153.4,9,2007,10,2007
"1721",2007-09-11,153.8,9,2007,11,2007
"1722",2007-09-12,153.3,9,2007,12,2007
"1723",2007-09-13,153,9,2007,13,2007
"1724",2007-09-14,157.2,9,2007,14,2007
"1725",2007-09-15,159.4,9,2007,15,2007
"1726",2007-09-16,160.4,9,2007,16,2007
"1727",2007-09-17,161.1,9,2007,17,2007
"1728",2007-09-18,160.6,9,2007,18,2007
"1729",2007-09-19,161.2,9,2007,19,2007
"1730",2007-09-20,178.7,9,2007,20,2007
"1731",2007-09-21,169.5,9,2007,21,2007
"1732",2007-09-22,177.8,9,2007,22,2007
"1733",2007-09-23,179.2,9,2007,23,2007
"1734",2007-09-24,174.1,9,2007,24,2007
"1735",2007-09-25,172.8,9,2007,25,2007
"1736",2007-09-26,171,9,2007,26,2007
"1737",2007-09-27,170.1,9,2007,27,2007
"1738",2007-09-28,174.9,9,2007,28,2007
"1739",2007-09-29,197.6,9,2007,29,2007
"1740",2007-09-30,190.9,9,2007,30,2007
"1741",2007-10-01,197.64,10,2007,1,2008
"1742",2007-10-02,191.88,10,2007,2,2008
"1743",2007-10-03,183.24,10,2007,3,2008
"1744",2007-10-04,182.51,10,2007,4,2008
"1745",2007-10-05,199.19,10,2007,5,2008
"1746",2007-10-06,207.65,10,2007,6,2008
"1747",2007-10-07,209.3,10,2007,7,2008
"1748",2007-10-08,204.36,10,2007,8,2008
"1749",2007-10-09,200.14,10,2007,9,2008
"1750",2007-10-10,231.14,10,2007,10,2008
"1751",2007-10-11,223.32,10,2007,11,2008
"1752",2007-10-12,227.52,10,2007,12,2008
"1753",2007-10-13,219.46,10,2007,13,2008
"1754",2007-10-14,205.44,10,2007,14,2008
"1755",2007-10-15,201.34,10,2007,15,2008
"1756",2007-10-16,209.32,10,2007,16,2008
"1757",2007-10-17,234.36,10,2007,17,2008
"1758",2007-10-18,223.8,10,2007,18,2008
"1759",2007-10-19,271.4,10,2007,19,2008
"1760",2007-10-20,384.37,10,2007,20,2008
"1761",2007-10-21,239.19,10,2007,21,2008
"1762",2007-10-22,223.32,10,2007,22,2008
"1763",2007-10-23,216,10,2007,23,2008
"1764",2007-10-24,212.81,10,2007,24,2008
"1765",2007-10-25,206.76,10,2007,25,2008
"1766",2007-10-26,205.55,10,2007,26,2008
"1767",2007-10-27,205.55,10,2007,27,2008
"1768",2007-10-28,213.47,10,2007,28,2008
"1769",2007-10-29,256.21,10,2007,29,2008
"1770",2007-10-30,236.28,10,2007,30,2008
"1771",2007-10-31,226.08,10,2007,31,2008
"1772",2007-11-01,216.48,11,2007,1,2008
"1773",2007-11-02,216,11,2007,2,2008
"1774",2007-11-03,216,11,2007,3,2008
"1775",2007-11-04,223.35,11,2007,4,2008
"1776",2007-11-05,216,11,2007,5,2008
"1777",2007-11-06,216,11,2007,6,2008
"1778",2007-11-07,216,11,2007,7,2008
"1779",2007-11-08,217.46,11,2007,8,2008
"1780",2007-11-09,216,11,2007,9,2008
"1781",2007-11-10,224.32,11,2007,10,2008
"1782",2007-11-11,289.38,11,2007,11,2008
"1783",2007-11-12,250.31,11,2007,12,2008
"1784",2007-11-13,239.64,11,2007,13,2008
"1785",2007-11-14,237.48,11,2007,14,2008
"1786",2007-11-15,221.13,11,2007,15,2008
"1787",2007-11-16,227.4,11,2007,16,2008
"1788",2007-11-17,222.96,11,2007,17,2008
"1789",2007-11-18,221.76,11,2007,18,2008
"1790",2007-11-19,243.23,11,2007,19,2008
"1791",2007-11-20,238.68,11,2007,20,2008
"1792",2007-11-21,224.76,11,2007,21,2008
"1793",2007-11-22,221.04,11,2007,22,2008
"1794",2007-11-23,210.62,11,2007,23,2008
"1795",2007-11-24,210.47,11,2007,24,2008
"1796",2007-11-25,220.32,11,2007,25,2008
"1797",2007-11-26,219.24,11,2007,26,2008
"1798",2007-11-27,221.4,11,2007,27,2008
"1799",2007-11-28,213.36,11,2007,28,2008
"1800",2007-11-29,221.16,11,2007,29,2008
"1801",2007-11-30,219.84,11,2007,30,2008
"1802",2007-12-01,212.26,12,2007,1,2008
"1803",2007-12-02,205.44,12,2007,2,2008
"1804",2007-12-03,210.5,12,2007,3,2008
"1805",2007-12-04,245.43,12,2007,4,2008
"1806",2007-12-05,241.56,12,2007,5,2008
"1807",2007-12-06,236.52,12,2007,6,2008
"1808",2007-12-08,238.92,12,2007,8,2008
"1809",2007-12-09,234,12,2007,9,2008
"1810",2007-12-10,233.28,12,2007,10,2008
"1811",2007-12-11,226.94,12,2007,11,2008
"1812",2007-12-12,228.53,12,2007,12,2008
"1813",2007-12-13,227.76,12,2007,13,2008
"1814",2007-12-15,227.52,12,2007,15,2008
"1815",2007-12-16,227.52,12,2007,16,2008
"1816",2007-12-17,232.68,12,2007,17,2008
"1817",2007-12-18,239.16,12,2007,18,2008
"1818",2007-12-19,240,12,2007,19,2008
"1819",2007-12-22,234.85,12,2007,22,2008
"1820",2007-12-23,238.68,12,2007,23,2008
"1821",2007-12-24,240.36,12,2007,24,2008
"1822",2007-12-25,238.24,12,2007,25,2008
"1823",2007-12-26,238.08,12,2007,26,2008
"1824",2007-12-27,242.07,12,2007,27,2008
"1825",2007-12-28,239.04,12,2007,28,2008
"1826",2007-12-29,238.92,12,2007,29,2008
"1827",2007-12-30,237.48,12,2007,30,2008
"1828",2007-12-31,229.08,12,2007,31,2008
"1829",2008-01-01,228.84,1,2008,1,2008
"1830",2008-01-02,232.68,1,2008,2,2008
"1831",2008-01-03,237.36,1,2008,3,2008
"1832",2008-01-04,483.01,1,2008,4,2008
"1833",2008-01-05,503.48,1,2008,5,2008
"1834",2008-01-06,396.88,1,2008,6,2008
"1835",2008-01-07,336.22,1,2008,7,2008
"1836",2008-01-08,312.6,1,2008,8,2008
"1837",2008-01-09,291.3,1,2008,9,2008
"1838",2008-01-10,301.7,1,2008,10,2008
"1839",2008-01-11,309.54,1,2008,11,2008
"1840",2008-01-12,290.4,1,2008,12,2008
"1841",2008-01-13,281.5,1,2008,13,2008
"1842",2008-01-14,275.52,1,2008,14,2008
"1843",2008-01-15,275.52,1,2008,15,2008
"1844",2008-01-16,263.14,1,2008,16,2008
"1845",2008-01-17,269.56,1,2008,17,2008
"1846",2008-01-18,263.04,1,2008,18,2008
"1847",2008-01-19,262,1,2008,19,2008
"1848",2008-01-20,263.04,1,2008,20,2008
"1849",2008-01-21,262.91,1,2008,21,2008
"1850",2008-01-22,250.56,1,2008,22,2008
"1851",2008-01-23,250.56,1,2008,23,2008
"1852",2008-01-24,257.19,1,2008,24,2008
"1853",2008-01-25,257.06,1,2008,25,2008
"1854",2008-01-26,251.73,1,2008,26,2008
"1855",2008-01-29,255.5,1,2008,29,2008
"1856",2008-01-30,252.64,1,2008,30,2008
"1857",2008-01-31,257.97,1,2008,31,2008
"1858",2008-02-01,263.3,2,2008,1,2008
"1859",2008-02-02,258.93,2,2008,2,2008
"1860",2008-02-04,254.85,2,2008,4,2008
"1861",2008-02-05,252.77,2,2008,5,2008
"1862",2008-02-06,255.5,2,2008,6,2008
"1863",2008-02-07,257.97,2,2008,7,2008
"1864",2008-02-08,259.66,2,2008,8,2008
"1865",2008-02-09,259.66,2,2008,9,2008
"1866",2008-02-10,267.85,2,2008,10,2008
"1867",2008-02-11,270.84,2,2008,11,2008
"1868",2008-02-12,278.64,2,2008,12,2008
"1869",2008-02-13,285.53,2,2008,13,2008
"1870",2008-02-14,275.52,2,2008,14,2008
"1871",2008-02-15,273.05,2,2008,15,2008
"1872",2008-02-16,272.27,2,2008,16,2008
"1873",2008-02-17,280.07,2,2008,17,2008
"1874",2008-02-18,283.84,2,2008,18,2008
"1875",2008-02-19,286.31,2,2008,19,2008
"1876",2008-02-20,277.34,2,2008,20,2008
"1877",2008-02-21,277.34,2,2008,21,2008
"1878",2008-02-22,279.16,2,2008,22,2008
"1879",2008-02-23,276.04,2,2008,23,2008
"1880",2008-02-24,282.67,2,2008,24,2008
"1881",2008-02-25,273.32,2,2008,25,2008
"1882",2008-02-26,279.16,2,2008,26,2008
"1883",2008-02-27,299.33,2,2008,27,2008
"1884",2008-02-28,324.43,2,2008,28,2008
"1885",2008-02-29,356.17,2,2008,29,2008
"1886",2008-03-01,384.39,3,2008,1,2008
"1887",2008-03-02,338.92,3,2008,2,2008
"1888",2008-03-03,324.16,3,2008,3,2008
"1889",2008-03-04,336.96,3,2008,4,2008
"1890",2008-03-05,333.12,3,2008,5,2008
"1891",2008-03-06,317.12,3,2008,6,2008
"1892",2008-03-07,320.64,3,2008,7,2008
"1893",2008-03-08,328.16,3,2008,8,2008
"1894",2008-03-09,323.58,3,2008,9,2008
"1895",2008-03-10,372.1,3,2008,10,2008
"1896",2008-03-11,433.27,3,2008,11,2008
"1897",2008-03-12,454.51,3,2008,12,2008
"1898",2008-03-13,680.78,3,2008,13,2008
"1899",2008-03-14,598.93,3,2008,14,2008
"1900",2008-03-15,482.43,3,2008,15,2008
"1901",2008-03-16,417.75,3,2008,16,2008
"1902",2008-03-17,396.19,3,2008,17,2008
"1903",2008-03-18,424.99,3,2008,18,2008
"1904",2008-03-19,459.66,3,2008,19,2008
"1905",2008-03-20,451.39,3,2008,20,2008
"1906",2008-03-21,448.29,3,2008,21,2008
"1907",2008-03-22,463.45,3,2008,22,2008
"1908",2008-03-23,508.51,3,2008,23,2008
"1909",2008-03-24,577.65,3,2008,24,2008
"1910",2008-03-25,701.24,3,2008,25,2008
"1911",2008-03-26,720.66,3,2008,26,2008
"1912",2008-03-27,635.06,3,2008,27,2008
"1913",2008-03-28,618.92,3,2008,28,2008
"1914",2008-03-29,634.13,3,2008,29,2008
"1915",2008-03-30,629.83,3,2008,30,2008
"1916",2008-03-31,605.85,3,2008,31,2008
"1917",2008-04-01,577.85,4,2008,1,2008
"1918",2008-04-02,563.08,4,2008,2,2008
"1919",2008-04-03,667.27,4,2008,3,2008
"1920",2008-04-04,756.8,4,2008,4,2008
"1921",2008-04-05,781.67,4,2008,5,2008
"1922",2008-04-06,814.06,4,2008,6,2008
"1923",2008-04-07,792.08,4,2008,7,2008
"1924",2008-04-08,744.56,4,2008,8,2008
"1925",2008-04-09,729.59,4,2008,9,2008
"1926",2008-04-10,810.68,4,2008,10,2008
"1927",2008-04-11,949.47,4,2008,11,2008
"1928",2008-04-12,1161.14,4,2008,12,2008
"1929",2008-04-13,1449.1,4,2008,13,2008
"1930",2008-04-14,1643,4,2008,14,2008
"1931",2008-04-15,1331.9,4,2008,15,2008
"1932",2008-04-16,1154.1,4,2008,16,2008
"1933",2008-04-17,1290.2,4,2008,17,2008
"1934",2008-04-18,1641.1,4,2008,18,2008
"1935",2008-04-19,1662.2,4,2008,19,2008
"1936",2008-04-20,1333.8,4,2008,20,2008
"1937",2008-04-21,1154.7,4,2008,21,2008
"1938",2008-04-22,1144.9,4,2008,22,2008
"1939",2008-04-23,1125.9,4,2008,23,2008
"1940",2008-04-24,1095.5,4,2008,24,2008
"1941",2008-04-25,1276.4,4,2008,25,2008
"1942",2008-04-26,1611.3,4,2008,26,2008
"1943",2008-04-27,1974.6,4,2008,27,2008
"1944",2008-04-28,2221.8,4,2008,28,2008
"1945",2008-04-29,2273.2,4,2008,29,2008
"1946",2008-04-30,1864.5,4,2008,30,2008
"1947",2008-05-01,1629.3,5,2008,1,2008
"1948",2008-05-02,1608.9,5,2008,2,2008
"1949",2008-05-03,1717.6,5,2008,3,2008
"1950",2008-05-04,1799,5,2008,4,2008
"1951",2008-05-05,1916,5,2008,5,2008
"1952",2008-05-06,2238.5,5,2008,6,2008
"1953",2008-05-07,2360.5,5,2008,7,2008
"1954",2008-05-08,2204.6,5,2008,8,2008
"1955",2008-05-09,2173.3,5,2008,9,2008
"1956",2008-05-10,2177.8,5,2008,10,2008
"1957",2008-05-11,2292.9,5,2008,11,2008
"1958",2008-05-12,2146,5,2008,12,2008
"1959",2008-05-13,1894.9,5,2008,13,2008
"1960",2008-05-14,2027.3,5,2008,14,2008
"1961",2008-05-15,2306.3,5,2008,15,2008
"1962",2008-05-16,2389.3,5,2008,16,2008
"1963",2008-05-17,2405.6,5,2008,17,2008
"1964",2008-05-18,2435,5,2008,18,2008
"1965",2008-05-19,2218.1,5,2008,19,2008
"1966",2008-05-20,2048.1,5,2008,20,2008
"1967",2008-05-21,1845.6,5,2008,21,2008
"1968",2008-05-22,1574.4,5,2008,22,2008
"1969",2008-05-23,1436.5,5,2008,23,2008
"1970",2008-05-24,1382.8,5,2008,24,2008
"1971",2008-05-25,1270.5,5,2008,25,2008
"1972",2008-05-26,1251.1,5,2008,26,2008
"1973",2008-05-27,1097.1,5,2008,27,2008
"1974",2008-05-28,1012.2,5,2008,28,2008
"1975",2008-05-29,942.86,5,2008,29,2008
"1976",2008-05-30,901.74,5,2008,30,2008
"1977",2008-05-31,891.45,5,2008,31,2008
"1978",2008-06-01,834.64,6,2008,1,2008
"1979",2008-06-02,782.46,6,2008,2,2008
"1980",2008-06-03,750.72,6,2008,3,2008
"1981",2008-06-04,736.82,6,2008,4,2008
"1982",2008-06-05,684.84,6,2008,5,2008
"1983",2008-06-06,659.1,6,2008,6,2008
"1984",2008-06-07,624.27,6,2008,7,2008
"1985",2008-06-08,595.59,6,2008,8,2008
"1986",2008-06-09,578.15,6,2008,9,2008
"1987",2008-06-10,565.72,6,2008,10,2008
"1988",2008-06-11,526.8,6,2008,11,2008
"1989",2008-06-12,503.03,6,2008,12,2008
"1990",2008-06-13,480.55,6,2008,13,2008
"1991",2008-06-14,464.08,6,2008,14,2008
"1992",2008-06-15,447.67,6,2008,15,2008
"1993",2008-06-16,425.63,6,2008,16,2008
"1994",2008-06-17,404.84,6,2008,17,2008
"1995",2008-06-18,386.29,6,2008,18,2008
"1996",2008-06-19,370.47,6,2008,19,2008
"1997",2008-06-20,353.49,6,2008,20,2008
"1998",2008-06-21,340.7,6,2008,21,2008
"1999",2008-06-22,329.33,6,2008,22,2008
"2000",2008-06-23,317.92,6,2008,23,2008
"2001",2008-06-24,306.41,6,2008,24,2008
"2002",2008-06-25,294.9,6,2008,25,2008
"2003",2008-06-26,288.5,6,2008,26,2008
"2004",2008-06-27,279.57,6,2008,27,2008
"2005",2008-06-28,268.19,6,2008,28,2008
"2006",2008-06-29,257.5,6,2008,29,2008
"2007",2008-06-30,250.71,6,2008,30,2008
"2008",2008-07-01,242.82,7,2008,1,2008
"2009",2008-07-02,237.63,7,2008,2,2008
"2010",2008-07-03,230.8,7,2008,3,2008
"2011",2008-07-04,228.27,7,2008,4,2008
"2012",2008-07-05,223.61,7,2008,5,2008
"2013",2008-07-06,221.37,7,2008,6,2008
"2014",2008-07-07,214.58,7,2008,7,2008
"2015",2008-07-08,208.59,7,2008,8,2008
"2016",2008-07-09,205.22,7,2008,9,2008
"2017",2008-07-10,201.59,7,2008,10,2008
"2018",2008-07-11,202.06,7,2008,11,2008
"2019",2008-07-12,200.5,7,2008,12,2008
"2020",2008-07-13,200.34,7,2008,13,2008
"2021",2008-07-14,196.15,7,2008,14,2008
"2022",2008-07-15,190.98,7,2008,15,2008
"2023",2008-07-16,186.8,7,2008,16,2008
"2024",2008-07-17,182.62,7,2008,17,2008
"2025",2008-07-18,181.39,7,2008,18,2008
"2026",2008-07-19,179.64,7,2008,19,2008
"2027",2008-07-20,182.1,7,2008,20,2008
"2028",2008-07-21,184.59,7,2008,21,2008
"2029",2008-07-22,172.59,7,2008,22,2008
"2030",2008-07-23,174.25,7,2008,23,2008
"2031",2008-07-24,171.53,7,2008,24,2008
"2032",2008-07-25,169.7,7,2008,25,2008
"2033",2008-07-26,166.11,7,2008,26,2008
"2034",2008-07-27,163.13,7,2008,27,2008
"2035",2008-07-28,160.91,7,2008,28,2008
"2036",2008-07-29,160.71,7,2008,29,2008
"2037",2008-07-30,160.32,7,2008,30,2008
"2038",2008-07-31,159.5,7,2008,31,2008
"2039",2008-08-01,157.66,8,2008,1,2008
"2040",2008-08-02,153.66,8,2008,2,2008
"2041",2008-08-03,153.39,8,2008,3,2008
"2042",2008-08-04,152.31,8,2008,4,2008
"2043",2008-08-05,151.51,8,2008,5,2008
"2044",2008-08-06,146.55,8,2008,6,2008
"2045",2008-08-07,143.91,8,2008,7,2008
"2046",2008-08-08,140.99,8,2008,8,2008
"2047",2008-08-09,140.02,8,2008,9,2008
"2048",2008-08-10,140.1,8,2008,10,2008
"2049",2008-08-11,139.78,8,2008,11,2008
"2050",2008-08-12,137.47,8,2008,12,2008
"2051",2008-08-13,136.8,8,2008,13,2008
"2052",2008-08-14,135.04,8,2008,14,2008
"2053",2008-08-15,134.49,8,2008,15,2008
"2054",2008-08-16,137.56,8,2008,16,2008
"2055",2008-08-17,137.2,8,2008,17,2008
"2056",2008-08-18,135.15,8,2008,18,2008
"2057",2008-08-19,138.29,8,2008,19,2008
"2058",2008-08-20,139.23,8,2008,20,2008
"2059",2008-08-21,138.61,8,2008,21,2008
"2060",2008-08-22,136.75,8,2008,22,2008
"2061",2008-08-23,134.42,8,2008,23,2008
"2062",2008-08-24,132.83,8,2008,24,2008
"2063",2008-08-25,131.3,8,2008,25,2008
"2064",2008-08-26,132.8,8,2008,26,2008
"2065",2008-08-27,133.26,8,2008,27,2008
"2066",2008-08-28,132.43,8,2008,28,2008
"2067",2008-08-29,131.91,8,2008,29,2008
"2068",2008-08-30,129.46,8,2008,30,2008
"2069",2008-08-31,127.43,8,2008,31,2008
"2070",2008-09-01,134.8,9,2008,1,2008
"2071",2008-09-02,138.24,9,2008,2,2008
"2072",2008-09-03,136.34,9,2008,3,2008
"2073",2008-09-04,135.11,9,2008,4,2008
"2074",2008-09-05,133.93,9,2008,5,2008
"2075",2008-09-06,133.59,9,2008,6,2008
"2076",2008-09-07,132.35,9,2008,7,2008
"2077",2008-09-08,132.78,9,2008,8,2008
"2078",2008-09-09,132.57,9,2008,9,2008
"2079",2008-09-10,133.68,9,2008,10,2008
"2080",2008-09-11,134.86,9,2008,11,2008
"2081",2008-09-12,134.8,9,2008,12,2008
"2082",2008-09-13,134.28,9,2008,13,2008
"2083",2008-09-14,133.68,9,2008,14,2008
"2084",2008-09-15,132.54,9,2008,15,2008
"2085",2008-09-16,134.44,9,2008,16,2008
"2086",2008-09-17,137.12,9,2008,17,2008
"2087",2008-09-18,136.52,9,2008,18,2008
"2088",2008-09-19,137.36,9,2008,19,2008
"2089",2008-09-20,138.42,9,2008,20,2008
"2090",2008-09-21,140.29,9,2008,21,2008
"2091",2008-09-22,141.13,9,2008,22,2008
"2092",2008-09-23,139.4,9,2008,23,2008
"2093",2008-09-24,137.6,9,2008,24,2008
"2094",2008-09-25,137.44,9,2008,25,2008
"2095",2008-09-26,137.64,9,2008,26,2008
"2096",2008-09-27,137.44,9,2008,27,2008
"2097",2008-09-28,138.08,9,2008,28,2008
"2098",2008-09-29,139.36,9,2008,29,2008
"2099",2008-09-30,140.56,9,2008,30,2008
"2100",2008-10-01,138.43,10,2008,1,2009
"2101",2008-10-02,140.16,10,2008,2,2009
"2102",2008-10-03,155.33,10,2008,3,2009
"2103",2008-10-04,226.98,10,2008,4,2009
"2104",2008-10-05,163.83,10,2008,5,2009
"2105",2008-10-06,154.65,10,2008,6,2009
"2106",2008-10-07,150.78,10,2008,7,2009
"2107",2008-10-08,149.52,10,2008,8,2009
"2108",2008-10-09,148.89,10,2008,9,2009
"2109",2008-10-10,154.74,10,2008,10,2009
"2110",2008-10-11,157.71,10,2008,11,2009
"2111",2008-10-12,158.43,10,2008,12,2009
"2112",2008-10-13,159.15,10,2008,13,2009
"2113",2008-10-14,159.51,10,2008,14,2009
"2114",2008-10-15,158.7,10,2008,15,2009
"2115",2008-10-16,152.52,10,2008,16,2009
"2116",2008-10-17,157.44,10,2008,17,2009
"2117",2008-10-18,157.44,10,2008,18,2009
"2118",2008-10-19,157.44,10,2008,19,2009
"2119",2008-10-20,157.44,10,2008,20,2009
"2120",2008-10-21,157.44,10,2008,21,2009
"2121",2008-10-22,157.44,10,2008,22,2009
"2122",2008-10-23,158.95,10,2008,23,2009
"2123",2008-10-24,157.44,10,2008,24,2009
"2124",2008-10-25,157.44,10,2008,25,2009
"2125",2008-10-26,157.44,10,2008,26,2009
"2126",2008-10-27,157.44,10,2008,27,2009
"2127",2008-10-28,157.44,10,2008,28,2009
"2128",2008-10-29,157.44,10,2008,29,2009
"2129",2008-10-30,158.07,10,2008,30,2009
"2130",2008-10-31,193.11,10,2008,31,2009
"2131",2008-11-01,547.48,11,2008,1,2009
"2132",2008-11-02,771.37,11,2008,2,2009
"2133",2008-11-03,311.49,11,2008,3,2009
"2134",2008-11-04,265.9,11,2008,4,2009
"2135",2008-11-05,235.92,11,2008,5,2009
"2136",2008-11-06,240.94,11,2008,6,2009
"2137",2008-11-07,242.57,11,2008,7,2009
"2138",2008-11-08,257.13,11,2008,8,2009
"2139",2008-11-09,290.78,11,2008,9,2009
"2140",2008-11-10,247.19,11,2008,10,2009
"2141",2008-11-11,234.36,11,2008,11,2009
"2142",2008-11-12,246.48,11,2008,12,2009
"2143",2008-11-13,241.44,11,2008,13,2009
"2144",2008-11-14,229.56,11,2008,14,2009
"2145",2008-11-15,217.32,11,2008,15,2009
"2146",2008-11-16,216,11,2008,16,2009
"2147",2008-11-17,209.4,11,2008,17,2009
"2148",2008-11-18,205.55,11,2008,18,2009
"2149",2008-11-19,205.44,11,2008,19,2009
"2150",2008-11-20,205.34,11,2008,20,2009
"2151",2008-11-21,203.14,11,2008,21,2009
"2152",2008-11-22,202.4,11,2008,22,2009
"2153",2008-11-23,200.88,11,2008,23,2009
"2154",2008-11-24,199.69,11,2008,24,2009
"2155",2008-11-25,204.84,11,2008,25,2009
"2156",2008-11-26,209,11,2008,26,2009
"2157",2008-11-27,224.4,11,2008,27,2009
"2158",2008-11-28,213.82,11,2008,28,2009
"2159",2008-11-29,207.21,11,2008,29,2009
"2160",2008-11-30,204.6,11,2008,30,2009
"2161",2008-12-01,204.09,12,2008,1,2009
"2162",2008-12-02,205.34,12,2008,2,2009
"2163",2008-12-03,196.87,12,2008,3,2009
"2164",2008-12-04,195.84,12,2008,4,2009
"2165",2008-12-05,193.72,12,2008,5,2009
"2166",2008-12-06,192.05,12,2008,6,2009
"2167",2008-12-07,191.25,12,2008,7,2009
"2168",2008-12-08,195.84,12,2008,8,2009
"2169",2008-12-09,184.61,12,2008,9,2009
"2170",2008-12-10,189.79,12,2008,10,2009
"2171",2008-12-11,194.63,12,2008,11,2009
"2172",2008-12-12,199.54,12,2008,12,2009
"2173",2008-12-13,201.18,12,2008,13,2009
"2174",2008-12-14,201.11,12,2008,14,2009
"2175",2008-12-15,209.4,12,2008,15,2009
"2176",2008-12-16,201.73,12,2008,16,2009
"2177",2008-12-19,215.51,12,2008,19,2009
"2178",2008-12-20,207.09,12,2008,20,2009
"2179",2008-12-21,212.53,12,2008,21,2009
"2180",2008-12-22,217.2,12,2008,22,2009
"2181",2008-12-23,212.81,12,2008,23,2009
"2182",2008-12-24,216.22,12,2008,24,2009
"2183",2008-12-25,247.87,12,2008,25,2009
"2184",2008-12-26,215.37,12,2008,26,2009
"2185",2008-12-27,212.59,12,2008,27,2009
"2186",2008-12-28,217.92,12,2008,28,2009
"2187",2008-12-29,217.92,12,2008,29,2009
"2188",2008-12-30,216,12,2008,30,2009
"2189",2008-12-31,216,12,2008,31,2009
"2190",2009-01-01,216,1,2009,1,2009
"2191",2009-01-02,238.8,1,2009,2,2009
"2192",2009-01-03,228.73,1,2009,3,2009
"2193",2009-01-04,230.71,1,2009,4,2009
"2194",2009-01-05,228,1,2009,5,2009
"2195",2009-01-06,231.6,1,2009,6,2009
"2196",2009-01-07,235.56,1,2009,7,2009
"2197",2009-01-08,239.04,1,2009,8,2009
"2198",2009-01-09,231,1,2009,9,2009
"2199",2009-01-10,226.92,1,2009,10,2009
"2200",2009-01-11,224.64,1,2009,11,2009
"2201",2009-01-12,226.2,1,2009,12,2009
"2202",2009-01-13,226.8,1,2009,13,2009
"2203",2009-01-14,226.56,1,2009,14,2009
"2204",2009-01-15,225.24,1,2009,15,2009
"2205",2009-01-16,224.04,1,2009,16,2009
"2206",2009-01-17,222,1,2009,17,2009
"2207",2009-01-18,217.08,1,2009,18,2009
"2208",2009-01-19,216.05,1,2009,19,2009
"2209",2009-01-20,217.08,1,2009,20,2009
"2210",2009-01-21,220.8,1,2009,21,2009
"2211",2009-01-22,330.16,1,2009,22,2009
"2212",2009-01-23,439.21,1,2009,23,2009
"2213",2009-01-24,506.86,1,2009,24,2009
"2214",2009-01-25,410.81,1,2009,25,2009
"2215",2009-01-26,335.57,1,2009,26,2009
"2216",2009-01-27,313.87,1,2009,27,2009
"2217",2009-01-28,287.35,1,2009,28,2009
"2218",2009-01-29,276.69,1,2009,29,2009
"2219",2009-01-30,267.98,1,2009,30,2009
"2220",2009-01-31,263.04,1,2009,31,2009
"2221",2009-02-01,256.41,2,2009,1,2009
"2222",2009-02-02,253.16,2,2009,2,2009
"2223",2009-02-03,255.5,2,2009,3,2009
"2224",2009-02-04,254.32,2,2009,4,2009
"2225",2009-02-05,261.87,2,2009,5,2009
"2226",2009-02-06,253.94,2,2009,6,2009
"2227",2009-02-07,250.56,2,2009,7,2009
"2228",2009-02-08,252.64,2,2009,8,2009
"2229",2009-02-09,249.05,2,2009,9,2009
"2230",2009-02-11,242.04,2,2009,11,2009
"2231",2009-02-12,239.9,2,2009,12,2009
"2232",2009-02-13,241.2,2,2009,13,2009
"2233",2009-02-14,242.77,2,2009,14,2009
"2234",2009-02-15,245.6,2,2009,15,2009
"2235",2009-02-16,243.24,2,2009,16,2009
"2236",2009-02-17,239.28,2,2009,17,2009
"2237",2009-02-18,239.04,2,2009,18,2009
"2238",2009-02-19,239.88,2,2009,19,2009
"2239",2009-02-20,243.6,2,2009,20,2009
"2240",2009-02-21,246.38,2,2009,21,2009
"2241",2009-02-22,509.45,2,2009,22,2009
"2242",2009-02-23,1139.32,2,2009,23,2009
"2243",2009-02-24,1125.95,2,2009,24,2009
"2244",2009-02-25,656.45,2,2009,25,2009
"2245",2009-02-26,518.99,2,2009,26,2009
"2246",2009-02-27,455.44,2,2009,27,2009
"2247",2009-02-28,427.07,2,2009,28,2009
"2248",2009-03-01,563.36,3,2009,1,2009
"2249",2009-03-02,1583,3,2009,2,2009
"2250",2009-03-03,1073.73,3,2009,3,2009
"2251",2009-03-04,726.93,3,2009,4,2009
"2252",2009-03-05,582.1,3,2009,5,2009
"2253",2009-03-06,504.41,3,2009,6,2009
"2254",2009-03-07,487.53,3,2009,7,2009
"2255",2009-03-08,439.6,3,2009,8,2009
"2256",2009-03-09,439.04,3,2009,9,2009
"2257",2009-03-10,442.27,3,2009,10,2009
"2258",2009-03-11,409.79,3,2009,11,2009
"2259",2009-03-12,403.02,3,2009,12,2009
"2260",2009-03-13,408.7,3,2009,13,2009
"2261",2009-03-14,416.05,3,2009,14,2009
"2262",2009-03-15,419.84,3,2009,15,2009
"2263",2009-03-16,552.24,3,2009,16,2009
"2264",2009-03-17,652.99,3,2009,17,2009
"2265",2009-03-18,690,3,2009,18,2009
"2266",2009-03-19,758.42,3,2009,19,2009
"2267",2009-03-20,844.21,3,2009,20,2009
"2268",2009-03-21,849.73,3,2009,21,2009
"2269",2009-03-22,740.26,3,2009,22,2009
"2270",2009-03-23,652.02,3,2009,23,2009
"2271",2009-03-24,613.18,3,2009,24,2009
"2272",2009-03-25,634.24,3,2009,25,2009
"2273",2009-03-26,691.57,3,2009,26,2009
"2274",2009-03-27,711.98,3,2009,27,2009
"2275",2009-03-28,824.22,3,2009,28,2009
"2276",2009-03-29,917.25,3,2009,29,2009
"2277",2009-03-30,838.49,3,2009,30,2009
"2278",2009-03-31,832.65,3,2009,31,2009
"2279",2009-04-01,956.43,4,2009,1,2009
"2280",2009-04-02,1072.96,4,2009,2,2009
"2281",2009-04-03,1003.22,4,2009,3,2009
"2282",2009-04-04,869.09,4,2009,4,2009
"2283",2009-04-05,883.6,4,2009,5,2009
"2284",2009-04-06,993.7,4,2009,6,2009
"2285",2009-04-07,1133.6,4,2009,7,2009
"2286",2009-04-08,1079.3,4,2009,8,2009
"2287",2009-04-09,941.36,4,2009,9,2009
"2288",2009-04-10,963.13,4,2009,10,2009
"2289",2009-04-11,1073.32,4,2009,11,2009
"2290",2009-04-12,1256,4,2009,12,2009
"2291",2009-04-13,1516.3,4,2009,13,2009
"2292",2009-04-14,1398.2,4,2009,14,2009
"2293",2009-04-15,1113,4,2009,15,2009
"2294",2009-04-16,1084.9,4,2009,16,2009
"2295",2009-04-17,1262.9,4,2009,17,2009
"2296",2009-04-18,1560.8,4,2009,18,2009
"2297",2009-04-19,1884,4,2009,19,2009
"2298",2009-04-20,2250.7,4,2009,20,2009
"2299",2009-04-21,2638.2,4,2009,21,2009
"2300",2009-04-22,2956.9,4,2009,22,2009
"2301",2009-04-23,3026.7,4,2009,23,2009
"2302",2009-04-24,2514.3,4,2009,24,2009
"2303",2009-04-25,1944.5,4,2009,25,2009
"2304",2009-04-26,1815.9,4,2009,26,2009
"2305",2009-04-27,1772.6,4,2009,27,2009
"2306",2009-04-28,1661.4,4,2009,28,2009
"2307",2009-04-29,1552.8,4,2009,29,2009
"2308",2009-04-30,1500.4,4,2009,30,2009
"2309",2009-05-01,2961.5,5,2009,1,2009
"2310",2009-05-02,4813.1,5,2009,2,2009
"2311",2009-05-03,5611.3,5,2009,3,2009
"2312",2009-05-04,4125.9,5,2009,4,2009
"2313",2009-05-05,7687.8,5,2009,5,2009
"2314",2009-05-06,4996.9,5,2009,6,2009
"2315",2009-05-07,4332.9,5,2009,7,2009
"2316",2009-05-08,3839.5,5,2009,8,2009
"2317",2009-05-09,3575.1,5,2009,9,2009
"2318",2009-05-10,3344.8,5,2009,10,2009
"2319",2009-05-11,3237.5,5,2009,11,2009
"2320",2009-05-12,2974.3,5,2009,12,2009
"2321",2009-05-13,2677.4,5,2009,13,2009
"2322",2009-05-14,2607,5,2009,14,2009
"2323",2009-05-15,2529.7,5,2009,15,2009
"2324",2009-05-16,2338.1,5,2009,16,2009
"2325",2009-05-17,2238.9,5,2009,17,2009
"2326",2009-05-18,2193.4,5,2009,18,2009
"2327",2009-05-19,2102.4,5,2009,19,2009
"2328",2009-05-20,1941.9,5,2009,20,2009
"2329",2009-05-21,1781,5,2009,21,2009
"2330",2009-05-22,1672.8,5,2009,22,2009
"2331",2009-05-23,1599.6,5,2009,23,2009
"2332",2009-05-24,1476.4,5,2009,24,2009
"2333",2009-05-25,1375.2,5,2009,25,2009
"2334",2009-05-26,1337.5,5,2009,26,2009
"2335",2009-05-27,1249,5,2009,27,2009
"2336",2009-05-28,1210.5,5,2009,28,2009
"2337",2009-05-29,1225.3,5,2009,29,2009
"2338",2009-05-30,1166.2,5,2009,30,2009
"2339",2009-05-31,1109.7,5,2009,31,2009
"2340",2009-06-01,1023.22,6,2009,1,2009
"2341",2009-06-02,1146.3,6,2009,2,2009
"2342",2009-06-03,1108.1,6,2009,3,2009
"2343",2009-06-04,1077.8,6,2009,4,2009
"2344",2009-06-05,958.4,6,2009,5,2009
"2345",2009-06-06,946.72,6,2009,6,2009
"2346",2009-06-07,877.29,6,2009,7,2009
"2347",2009-06-08,796.38,6,2009,8,2009
"2348",2009-06-09,741.64,6,2009,9,2009
"2349",2009-06-10,687.83,6,2009,10,2009
"2350",2009-06-11,663.06,6,2009,11,2009
"2351",2009-06-12,639.67,6,2009,12,2009
"2352",2009-06-13,677.48,6,2009,13,2009
"2353",2009-06-14,624.68,6,2009,14,2009
"2354",2009-06-15,592.44,6,2009,15,2009
"2355",2009-06-16,579.49,6,2009,16,2009
"2356",2009-06-17,558.95,6,2009,17,2009
"2357",2009-06-18,527.85,6,2009,18,2009
"2358",2009-06-19,508.05,6,2009,19,2009
"2359",2009-06-20,515.02,6,2009,20,2009
"2360",2009-06-21,477.4,6,2009,21,2009
"2361",2009-06-22,460.41,6,2009,22,2009
"2362",2009-06-23,437.76,6,2009,23,2009
"2363",2009-06-24,411.92,6,2009,24,2009
"2364",2009-06-25,387.15,6,2009,25,2009
"2365",2009-06-26,371.98,6,2009,26,2009
"2366",2009-06-27,356.36,6,2009,27,2009
"2367",2009-06-28,338.43,6,2009,28,2009
"2368",2009-06-29,325.42,6,2009,29,2009
"2369",2009-06-30,317.4,6,2009,30,2009
"2370",2009-07-01,312.57,7,2009,1,2009
"2371",2009-07-02,303.19,7,2009,2,2009
"2372",2009-07-03,292.31,7,2009,3,2009
"2373",2009-07-04,279.24,7,2009,4,2009
"2374",2009-07-05,272.07,7,2009,5,2009
"2375",2009-07-06,264.05,7,2009,6,2009
"2376",2009-07-07,258.67,7,2009,7,2009
"2377",2009-07-08,253.15,7,2009,8,2009
"2378",2009-07-09,249.24,7,2009,9,2009
"2379",2009-07-10,241.58,7,2009,10,2009
"2380",2009-07-11,234.6,7,2009,11,2009
"2381",2009-07-12,231.67,7,2009,12,2009
"2382",2009-07-13,227.21,7,2009,13,2009
"2383",2009-07-14,222.9,7,2009,14,2009
"2384",2009-07-15,218.14,7,2009,15,2009
"2385",2009-07-16,202.98,7,2009,16,2009
"2386",2009-07-17,197.77,7,2009,17,2009
"2387",2009-07-18,194.18,7,2009,18,2009
"2388",2009-07-19,189.31,7,2009,19,2009
"2389",2009-07-20,185.38,7,2009,20,2009
"2390",2009-07-21,182.73,7,2009,21,2009
"2391",2009-07-22,180.32,7,2009,22,2009
"2392",2009-07-23,177.92,7,2009,23,2009
"2393",2009-07-24,175.11,7,2009,24,2009
"2394",2009-07-25,172.27,7,2009,25,2009
"2395",2009-07-26,170.43,7,2009,26,2009
"2396",2009-07-27,167.69,7,2009,27,2009
"2397",2009-07-28,169.72,7,2009,28,2009
"2398",2009-07-29,184.17,7,2009,29,2009
"2399",2009-07-30,186.75,7,2009,30,2009
"2400",2009-07-31,174.81,7,2009,31,2009
"2401",2009-08-01,168.77,8,2009,1,2009
"2402",2009-08-02,161.09,8,2009,2,2009
"2403",2009-08-03,156.06,8,2009,3,2009
"2404",2009-08-04,152.13,8,2009,4,2009
"2405",2009-08-05,152.04,8,2009,5,2009
"2406",2009-08-06,164.4,8,2009,6,2009
"2407",2009-08-07,178.48,8,2009,7,2009
"2408",2009-08-08,168.19,8,2009,8,2009
"2409",2009-08-09,160.2,8,2009,9,2009
"2410",2009-08-10,152.74,8,2009,10,2009
"2411",2009-08-11,149.35,8,2009,11,2009
"2412",2009-08-12,146.37,8,2009,12,2009
"2413",2009-08-13,145.49,8,2009,13,2009
"2414",2009-08-14,143.88,8,2009,14,2009
"2415",2009-08-15,145.56,8,2009,15,2009
"2416",2009-08-16,144.72,8,2009,16,2009
"2417",2009-08-17,142.65,8,2009,17,2009
"2418",2009-08-18,140.31,8,2009,18,2009
"2419",2009-08-19,139,8,2009,19,2009
"2420",2009-08-20,136.83,8,2009,20,2009
"2421",2009-08-21,135.11,8,2009,21,2009
"2422",2009-08-22,134.98,8,2009,22,2009
"2423",2009-08-23,137.99,8,2009,23,2009
"2424",2009-08-24,139.77,8,2009,24,2009
"2425",2009-08-25,138.97,8,2009,25,2009
"2426",2009-08-26,134.48,8,2009,26,2009
"2427",2009-08-27,132.14,8,2009,27,2009
"2428",2009-08-28,132.05,8,2009,28,2009
"2429",2009-08-29,131.57,8,2009,29,2009
"2430",2009-08-30,131.87,8,2009,30,2009
"2431",2009-08-31,131.07,8,2009,31,2009
"2432",2009-09-01,131.46,9,2009,1,2009
"2433",2009-09-02,131.87,9,2009,2,2009
"2434",2009-09-03,131.53,9,2009,3,2009
"2435",2009-09-04,131.67,9,2009,4,2009
"2436",2009-09-05,129.8,9,2009,5,2009
"2437",2009-09-06,129.78,9,2009,6,2009
"2438",2009-09-07,132.29,9,2009,7,2009
"2439",2009-09-08,133.77,9,2009,8,2009
"2440",2009-09-09,132.38,9,2009,9,2009
"2441",2009-09-10,130.42,9,2009,10,2009
"2442",2009-09-11,129.33,9,2009,11,2009
"2443",2009-09-12,133.77,9,2009,12,2009
"2444",2009-09-13,137.12,9,2009,13,2009
"2445",2009-09-14,136.48,9,2009,14,2009
"2446",2009-09-15,136.56,9,2009,15,2009
"2447",2009-09-16,133.58,9,2009,16,2009
"2448",2009-09-17,131.6,9,2009,17,2009
"2449",2009-09-18,129.92,9,2009,18,2009
"2450",2009-09-19,130.41,9,2009,19,2009
"2451",2009-09-20,129.87,9,2009,20,2009
"2452",2009-09-21,129.6,9,2009,21,2009
"2453",2009-09-22,129.96,9,2009,22,2009
"2454",2009-09-23,129.33,9,2009,23,2009
"2455",2009-09-24,129.42,9,2009,24,2009
"2456",2009-09-25,129.24,9,2009,25,2009
"2457",2009-09-26,128.88,9,2009,26,2009
"2458",2009-09-27,129.15,9,2009,27,2009
"2459",2009-09-28,129.33,9,2009,28,2009
"2460",2009-09-29,131.58,9,2009,29,2009
"2461",2009-09-30,137.44,9,2009,30,2009
